case_id,activity,event_timestamp,actor,case_attributes
FT-COM-2025-00001,Conduct Enhanced Due Diligence,2025-05-03 12:21:46,BSA / AML Compliance Officer,entity_type=LP;outcome=approved
FT-COM-2025-00002,Conduct Enhanced Due Diligence,2025-05-02 21:51:12,BSA / AML Compliance Officer,entity_type=Corp;risk_flag=pep_hit;outcome=approved
FT-COM-2025-00002,Conduct Enhanced Due Diligence,2025-05-08 21:51:12,BSA / AML Compliance Officer,escalation=compliance_committee_review
FT-COM-2025-00003,Conduct Enhanced Due Diligence,2025-05-06 11:39:04,BSA / AML Compliance Officer,entity_type=LLC;outcome=approved
FT-COM-2025-00004,Conduct Enhanced Due Diligence,2025-05-07 01:33:57,BSA / AML Compliance Officer,entity_type=Partnership;outcome=approved
FT-COM-2025-00005,Conduct Enhanced Due Diligence,2025-05-06 22:16:55,BSA / AML Compliance Officer,entity_type=LP;outcome=approved
FT-COM-2025-00006,Conduct Enhanced Due Diligence,2025-05-10 19:56:02,BSA / AML Compliance Officer,entity_type=Corp;outcome=approved
FT-COM-2025-00007,Conduct Enhanced Due Diligence,2025-05-09 02:43:45,BSA / AML Compliance Officer,entity_type=Corp;outcome=approved
FT-COM-2025-00008,Conduct Enhanced Due Diligence,2025-05-07 23:55:15,BSA / AML Compliance Officer,entity_type=LLC;risk_flag=pep_hit;outcome=approved
FT-COM-2025-00008,Conduct Enhanced Due Diligence,2025-05-12 23:55:15,BSA / AML Compliance Officer,escalation=compliance_committee_review
FT-COM-2025-00010,Conduct Enhanced Due Diligence,2025-05-08 22:55:34,BSA / AML Compliance Officer,entity_type=LLC;outcome=approved
FT-COM-2025-00011,Conduct Enhanced Due Diligence,2025-05-08 11:01:30,BSA / AML Compliance Officer,entity_type=Corp;outcome=approved
FT-COM-2025-00012,Conduct Enhanced Due Diligence,2025-05-11 19:03:57,BSA / AML Compliance Officer,entity_type=LLC;outcome=approved
FT-COM-2025-00013,Conduct Enhanced Due Diligence,2025-05-10 23:56:12,BSA / AML Compliance Officer,entity_type=Partnership;outcome=approved
FT-COM-2025-00014,Conduct Enhanced Due Diligence,2025-05-10 13:35:24,BSA / AML Compliance Officer,entity_type=LP;outcome=approved
FT-COM-2025-00015,Conduct Enhanced Due Diligence,2025-05-11 17:53:33,BSA / AML Compliance Officer,entity_type=Partnership;outcome=approved
FT-COM-2025-00016,Conduct Enhanced Due Diligence,2025-05-13 16:59:09,BSA / AML Compliance Officer,entity_type=LLC;outcome=approved
FT-COM-2025-00017,Conduct Enhanced Due Diligence,2025-05-12 22:01:08,BSA / AML Compliance Officer,entity_type=Corp;outcome=approved
FT-COM-2025-00018,Conduct Enhanced Due Diligence,2025-05-15 08:32:30,BSA / AML Compliance Officer,entity_type=Corp;outcome=approved
FT-COM-2025-00019,Conduct Enhanced Due Diligence,2025-05-15 23:43:09,BSA / AML Compliance Officer,entity_type=LP;outcome=approved
FT-COM-2025-00020,Conduct Enhanced Due Diligence,2025-05-14 14:00:02,BSA / AML Compliance Officer,entity_type=Partnership;outcome=approved
FT-COM-2025-00021,Conduct Enhanced Due Diligence,2025-05-15 10:30:24,BSA / AML Compliance Officer,entity_type=Partnership;outcome=approved
FT-COM-2025-00022,Conduct Enhanced Due Diligence,2025-05-15 16:42:37,BSA / AML Compliance Officer,entity_type=Partnership;outcome=approved
FT-COM-2025-00023,Conduct Enhanced Due Diligence,2025-05-17 07:36:42,BSA / AML Compliance Officer,entity_type=LLC;outcome=approved
FT-COM-2025-00025,Conduct Enhanced Due Diligence,2025-05-18 06:02:44,BSA / AML Compliance Officer,entity_type=LP;outcome=approved
FT-COM-2025-00026,Conduct Enhanced Due Diligence,2025-05-18 00:33:16,BSA / AML Compliance Officer,entity_type=LLC;outcome=approved
FT-COM-2025-00027,Conduct Enhanced Due Diligence,2025-05-19 05:07:02,BSA / AML Compliance Officer,entity_type=LLC;outcome=approved
FT-COM-2025-00028,Conduct Enhanced Due Diligence,2025-05-20 03:20:22,BSA / AML Compliance Officer,entity_type=Partnership;outcome=approved
FT-COM-2025-00029,Conduct Enhanced Due Diligence,2025-05-21 23:06:11,BSA / AML Compliance Officer,entity_type=LP;outcome=approved
FT-COM-2025-00030,Conduct Enhanced Due Diligence,2025-05-23 14:57:18,BSA / AML Compliance Officer,entity_type=Corp;outcome=approved
FT-COM-2025-00031,Conduct Enhanced Due Diligence,2025-05-21 16:52:25,BSA / AML Compliance Officer,entity_type=LP;outcome=approved
FT-COM-2025-00032,Conduct Enhanced Due Diligence,2025-05-24 00:33:04,BSA / AML Compliance Officer,entity_type=Corp;outcome=approved
FT-COM-2025-00033,Conduct Enhanced Due Diligence,2025-05-22 20:51:29,BSA / AML Compliance Officer,entity_type=Corp;outcome=approved
FT-COM-2025-00034,Conduct Enhanced Due Diligence,2025-05-24 21:48:04,BSA / AML Compliance Officer,entity_type=LLC;outcome=approved
FT-COM-2025-00035,Conduct Enhanced Due Diligence,2025-05-27 01:12:14,BSA / AML Compliance Officer,entity_type=LLC;outcome=approved
FT-COM-2025-00037,Conduct Enhanced Due Diligence,2025-05-25 08:25:39,BSA / AML Compliance Officer,entity_type=Corp;outcome=approved
FT-COM-2025-00038,Conduct Enhanced Due Diligence,2025-05-24 10:15:40,BSA / AML Compliance Officer,entity_type=LP;outcome=approved
FT-COM-2025-00039,Conduct Enhanced Due Diligence,2025-05-24 13:46:31,BSA / AML Compliance Officer,entity_type=LLC;outcome=approved
FT-COM-2025-00040,Conduct Enhanced Due Diligence,2025-05-27 23:51:47,BSA / AML Compliance Officer,entity_type=Corp;outcome=approved
FT-COM-2025-00041,Conduct Enhanced Due Diligence,2025-05-29 15:04:21,BSA / AML Compliance Officer,entity_type=LLC;risk_flag=pep_hit;outcome=approved
FT-COM-2025-00041,Conduct Enhanced Due Diligence,2025-06-01 15:04:21,BSA / AML Compliance Officer,escalation=compliance_committee_review
FT-COM-2025-00043,Conduct Enhanced Due Diligence,2025-05-29 06:33:06,BSA / AML Compliance Officer,entity_type=Corp;risk_flag=pep_hit;outcome=approved
FT-COM-2025-00043,Conduct Enhanced Due Diligence,2025-06-03 06:33:06,BSA / AML Compliance Officer,escalation=compliance_committee_review
FT-COM-2025-00044,Conduct Enhanced Due Diligence,2025-05-29 19:55:23,BSA / AML Compliance Officer,entity_type=Corp;outcome=approved
FT-COM-2025-00045,Conduct Enhanced Due Diligence,2025-05-30 00:55:08,BSA / AML Compliance Officer,entity_type=LP;outcome=approved
FT-COM-2025-00046,Conduct Enhanced Due Diligence,2025-05-29 09:42:33,BSA / AML Compliance Officer,entity_type=LP;outcome=approved
FT-COM-2025-00047,Conduct Enhanced Due Diligence,2025-05-31 06:20:46,BSA / AML Compliance Officer,entity_type=LLC;risk_flag=pep_hit;outcome=approved
FT-COM-2025-00047,Conduct Enhanced Due Diligence,2025-06-08 06:20:46,BSA / AML Compliance Officer,escalation=compliance_committee_review
FT-COM-2025-00048,Conduct Enhanced Due Diligence,2025-06-05 05:24:14,BSA / AML Compliance Officer,entity_type=Corp;outcome=approved
FT-COM-2025-00049,Conduct Enhanced Due Diligence,2025-06-01 19:40:28,BSA / AML Compliance Officer,entity_type=Corp;outcome=approved
FT-COM-2025-00050,Conduct Enhanced Due Diligence,2025-06-01 17:37:18,BSA / AML Compliance Officer,entity_type=Partnership;outcome=approved
FT-COM-2025-00051,Conduct Enhanced Due Diligence,2025-06-02 14:31:03,BSA / AML Compliance Officer,entity_type=LLC;risk_flag=pep_hit;outcome=approved
FT-COM-2025-00051,Conduct Enhanced Due Diligence,2025-06-06 14:31:03,BSA / AML Compliance Officer,escalation=compliance_committee_review
FT-COM-2025-00052,Conduct Enhanced Due Diligence,2025-06-05 02:04:26,BSA / AML Compliance Officer,entity_type=Corp;outcome=approved
FT-COM-2025-00053,Conduct Enhanced Due Diligence,2025-06-09 01:28:58,BSA / AML Compliance Officer,entity_type=LLC;outcome=approved
FT-COM-2025-00054,Conduct Enhanced Due Diligence,2025-06-04 07:06:32,BSA / AML Compliance Officer,entity_type=Corp;outcome=approved
FT-COM-2025-00055,Conduct Enhanced Due Diligence,2025-06-05 18:19:20,BSA / AML Compliance Officer,entity_type=Partnership;outcome=approved
FT-COM-2025-00056,Conduct Enhanced Due Diligence,2025-06-04 01:17:03,BSA / AML Compliance Officer,entity_type=Partnership;outcome=approved
FT-COM-2025-00057,Conduct Enhanced Due Diligence,2025-06-09 00:45:55,BSA / AML Compliance Officer,entity_type=Corp;outcome=approved
FT-COM-2025-00058,Conduct Enhanced Due Diligence,2025-06-09 05:52:44,BSA / AML Compliance Officer,entity_type=Partnership;outcome=approved
FT-COM-2025-00059,Conduct Enhanced Due Diligence,2025-06-06 17:49:31,BSA / AML Compliance Officer,entity_type=Partnership;outcome=approved
FT-COM-2025-00060,Conduct Enhanced Due Diligence,2025-06-07 04:32:58,BSA / AML Compliance Officer,entity_type=LP;outcome=approved
FT-COM-2025-00061,Conduct Enhanced Due Diligence,2025-06-08 16:16:15,BSA / AML Compliance Officer,entity_type=Corp;outcome=approved
FT-COM-2025-00062,Conduct Enhanced Due Diligence,2025-06-09 21:00:35,BSA / AML Compliance Officer,entity_type=LP;outcome=approved
FT-COM-2025-00063,Conduct Enhanced Due Diligence,2025-06-08 04:21:21,BSA / AML Compliance Officer,entity_type=Partnership;outcome=approved
FT-COM-2025-00064,Conduct Enhanced Due Diligence,2025-06-12 13:13:58,BSA / AML Compliance Officer,entity_type=Corp;outcome=approved
FT-COM-2025-00065,Conduct Enhanced Due Diligence,2025-06-12 03:53:03,BSA / AML Compliance Officer,entity_type=Corp;outcome=approved
FT-COM-2025-00066,Conduct Enhanced Due Diligence,2025-06-13 13:36:44,BSA / AML Compliance Officer,entity_type=Corp;risk_flag=pep_hit;outcome=approved
FT-COM-2025-00066,Conduct Enhanced Due Diligence,2025-06-21 13:36:44,BSA / AML Compliance Officer,escalation=compliance_committee_review
FT-COM-2025-00067,Conduct Enhanced Due Diligence,2025-06-13 00:47:53,BSA / AML Compliance Officer,entity_type=LP;outcome=approved
FT-COM-2025-00068,Conduct Enhanced Due Diligence,2025-06-13 20:29:55,BSA / AML Compliance Officer,entity_type=LP;outcome=approved
FT-COM-2025-00070,Conduct Enhanced Due Diligence,2025-06-14 11:21:39,BSA / AML Compliance Officer,entity_type=LP;outcome=approved
FT-COM-2025-00072,Conduct Enhanced Due Diligence,2025-06-18 17:03:47,BSA / AML Compliance Officer,entity_type=LLC;outcome=approved
FT-COM-2025-00073,Conduct Enhanced Due Diligence,2025-06-15 21:46:37,BSA / AML Compliance Officer,entity_type=LLC;outcome=declined;decline_reason=industry_blocked
FT-COM-2025-00074,Conduct Enhanced Due Diligence,2025-06-17 17:11:40,BSA / AML Compliance Officer,entity_type=Partnership;outcome=approved
FT-COM-2025-00075,Conduct Enhanced Due Diligence,2025-06-17 05:06:04,BSA / AML Compliance Officer,entity_type=Partnership;outcome=approved
FT-COM-2025-00076,Conduct Enhanced Due Diligence,2025-06-17 22:38:13,BSA / AML Compliance Officer,entity_type=LLC;risk_flag=pep_hit;outcome=approved
FT-COM-2025-00076,Conduct Enhanced Due Diligence,2025-06-21 22:38:13,BSA / AML Compliance Officer,escalation=compliance_committee_review
FT-COM-2025-00078,Conduct Enhanced Due Diligence,2025-06-19 16:03:43,BSA / AML Compliance Officer,entity_type=Partnership;outcome=approved
FT-COM-2025-00079,Conduct Enhanced Due Diligence,2025-06-19 13:11:28,BSA / AML Compliance Officer,entity_type=LP;outcome=approved
FT-COM-2025-00081,Conduct Enhanced Due Diligence,2025-06-22 01:31:20,BSA / AML Compliance Officer,entity_type=LLC;risk_flag=pep_hit;outcome=approved
FT-COM-2025-00081,Conduct Enhanced Due Diligence,2025-06-25 01:31:20,BSA / AML Compliance Officer,escalation=compliance_committee_review
FT-COM-2025-00082,Conduct Enhanced Due Diligence,2025-06-22 20:49:10,BSA / AML Compliance Officer,entity_type=LLC;outcome=approved
FT-COM-2025-00083,Conduct Enhanced Due Diligence,2025-06-21 04:49:48,BSA / AML Compliance Officer,entity_type=LLC;risk_flag=pep_hit;outcome=approved
FT-COM-2025-00083,Conduct Enhanced Due Diligence,2025-06-24 04:49:48,BSA / AML Compliance Officer,escalation=compliance_committee_review
FT-COM-2025-00084,Conduct Enhanced Due Diligence,2025-06-24 02:47:54,BSA / AML Compliance Officer,entity_type=Partnership;outcome=approved
FT-COM-2025-00085,Conduct Enhanced Due Diligence,2025-06-26 10:31:05,BSA / AML Compliance Officer,entity_type=Corp;outcome=approved
FT-COM-2025-00086,Conduct Enhanced Due Diligence,2025-06-24 19:51:28,BSA / AML Compliance Officer,entity_type=Corp;risk_flag=pep_hit;outcome=approved
FT-COM-2025-00086,Conduct Enhanced Due Diligence,2025-06-27 19:51:28,BSA / AML Compliance Officer,escalation=compliance_committee_review
FT-COM-2025-00087,Conduct Enhanced Due Diligence,2025-06-23 11:25:51,BSA / AML Compliance Officer,entity_type=Corp;outcome=approved
FT-COM-2025-00088,Conduct Enhanced Due Diligence,2025-06-25 16:37:38,BSA / AML Compliance Officer,entity_type=Partnership;outcome=approved
FT-COM-2025-00089,Conduct Enhanced Due Diligence,2025-07-01 06:08:44,BSA / AML Compliance Officer,entity_type=Corp;outcome=approved
FT-COM-2025-00090,Conduct Enhanced Due Diligence,2025-06-26 10:15:11,BSA / AML Compliance Officer,entity_type=Corp;outcome=approved
FT-COM-2025-00091,Conduct Enhanced Due Diligence,2025-06-27 10:12:36,BSA / AML Compliance Officer,entity_type=LP;outcome=approved
FT-COM-2025-00092,Conduct Enhanced Due Diligence,2025-06-26 10:19:59,BSA / AML Compliance Officer,entity_type=Corp;outcome=declined;decline_reason=industry_blocked
FT-COM-2025-00094,Conduct Enhanced Due Diligence,2025-07-01 02:11:24,BSA / AML Compliance Officer,entity_type=LLC;outcome=approved
FT-COM-2025-00095,Conduct Enhanced Due Diligence,2025-06-28 19:17:28,BSA / AML Compliance Officer,entity_type=LLC;risk_flag=pep_hit;outcome=approved
FT-COM-2025-00095,Conduct Enhanced Due Diligence,2025-07-06 19:17:28,BSA / AML Compliance Officer,escalation=compliance_committee_review
FT-COM-2025-00096,Conduct Enhanced Due Diligence,2025-06-30 18:48:21,BSA / AML Compliance Officer,entity_type=Partnership;outcome=approved
FT-COM-2025-00097,Conduct Enhanced Due Diligence,2025-06-29 19:50:07,BSA / AML Compliance Officer,entity_type=LLC;risk_flag=pep_hit;outcome=approved
FT-COM-2025-00097,Conduct Enhanced Due Diligence,2025-07-07 19:50:07,BSA / AML Compliance Officer,escalation=compliance_committee_review
FT-COM-2025-00098,Conduct Enhanced Due Diligence,2025-07-02 10:05:21,BSA / AML Compliance Officer,entity_type=Corp;outcome=approved
FT-COM-2025-00099,Conduct Enhanced Due Diligence,2025-07-01 21:09:17,BSA / AML Compliance Officer,entity_type=Corp;outcome=approved
FT-COM-2025-00100,Conduct Enhanced Due Diligence,2025-07-03 03:10:27,BSA / AML Compliance Officer,entity_type=Corp;outcome=approved
FT-COM-2025-00101,Conduct Enhanced Due Diligence,2025-07-05 07:31:44,BSA / AML Compliance Officer,entity_type=LLC;outcome=declined;decline_reason=industry_blocked
FT-COM-2025-00102,Conduct Enhanced Due Diligence,2025-07-04 14:24:37,BSA / AML Compliance Officer,entity_type=LLC;outcome=declined;decline_reason=edd_failed
FT-COM-2025-00103,Conduct Enhanced Due Diligence,2025-07-03 21:08:12,BSA / AML Compliance Officer,entity_type=Corp;outcome=approved
FT-COM-2025-00104,Conduct Enhanced Due Diligence,2025-07-05 17:12:35,BSA / AML Compliance Officer,entity_type=Partnership;outcome=approved
FT-COM-2025-00105,Conduct Enhanced Due Diligence,2025-07-06 05:03:56,BSA / AML Compliance Officer,entity_type=LLC;outcome=approved
FT-COM-2025-00107,Conduct Enhanced Due Diligence,2025-07-07 02:11:03,BSA / AML Compliance Officer,entity_type=LLC;outcome=approved
FT-COM-2025-00108,Conduct Enhanced Due Diligence,2025-07-12 10:01:37,BSA / AML Compliance Officer,entity_type=LLC;outcome=approved
FT-COM-2025-00109,Conduct Enhanced Due Diligence,2025-07-06 04:38:57,BSA / AML Compliance Officer,entity_type=LLC;outcome=approved
FT-COM-2025-00110,Conduct Enhanced Due Diligence,2025-07-07 16:49:07,BSA / AML Compliance Officer,entity_type=LP;outcome=approved
FT-COM-2025-00111,Conduct Enhanced Due Diligence,2025-07-09 02:36:37,BSA / AML Compliance Officer,entity_type=LLC;outcome=approved
FT-COM-2025-00112,Conduct Enhanced Due Diligence,2025-07-09 16:18:34,BSA / AML Compliance Officer,entity_type=LLC;outcome=approved
FT-COM-2025-00113,Conduct Enhanced Due Diligence,2025-07-11 02:51:27,BSA / AML Compliance Officer,entity_type=LP;outcome=approved
FT-COM-2025-00114,Conduct Enhanced Due Diligence,2025-07-11 12:55:44,BSA / AML Compliance Officer,entity_type=Corp;outcome=approved
FT-COM-2025-00115,Conduct Enhanced Due Diligence,2025-07-14 05:00:19,BSA / AML Compliance Officer,entity_type=Corp;outcome=approved
FT-COM-2025-00116,Conduct Enhanced Due Diligence,2025-07-11 11:55:57,BSA / AML Compliance Officer,entity_type=Partnership;outcome=approved
FT-COM-2025-00117,Conduct Enhanced Due Diligence,2025-07-12 05:48:56,BSA / AML Compliance Officer,entity_type=Partnership;outcome=approved
FT-COM-2025-00118,Conduct Enhanced Due Diligence,2025-07-12 12:46:07,BSA / AML Compliance Officer,entity_type=LLC;outcome=approved
FT-COM-2025-00120,Conduct Enhanced Due Diligence,2025-07-15 18:33:33,BSA / AML Compliance Officer,entity_type=Corp;outcome=approved
FT-COM-2025-00121,Conduct Enhanced Due Diligence,2025-07-14 01:37:11,BSA / AML Compliance Officer,entity_type=LLC;outcome=approved
FT-COM-2025-00123,Conduct Enhanced Due Diligence,2025-07-18 18:05:52,BSA / AML Compliance Officer,entity_type=LLC;outcome=approved
FT-COM-2025-00124,Conduct Enhanced Due Diligence,2025-07-16 22:13:45,BSA / AML Compliance Officer,entity_type=Partnership;outcome=approved
FT-COM-2025-00125,Conduct Enhanced Due Diligence,2025-07-18 11:41:02,BSA / AML Compliance Officer,entity_type=Corp;outcome=approved
FT-COM-2025-00126,Conduct Enhanced Due Diligence,2025-07-16 17:52:00,BSA / AML Compliance Officer,entity_type=LLC;outcome=approved
FT-COM-2025-00127,Conduct Enhanced Due Diligence,2025-07-20 20:16:21,BSA / AML Compliance Officer,entity_type=LP;outcome=approved
FT-COM-2025-00128,Conduct Enhanced Due Diligence,2025-07-19 06:33:28,BSA / AML Compliance Officer,entity_type=LP;outcome=approved
FT-COM-2025-00129,Conduct Enhanced Due Diligence,2025-07-21 10:20:00,BSA / AML Compliance Officer,entity_type=LLC;risk_flag=pep_hit;outcome=approved
FT-COM-2025-00129,Conduct Enhanced Due Diligence,2025-07-29 10:20:00,BSA / AML Compliance Officer,escalation=compliance_committee_review
FT-COM-2025-00130,Conduct Enhanced Due Diligence,2025-07-21 02:56:27,BSA / AML Compliance Officer,entity_type=LLC;risk_flag=pep_hit;outcome=approved
FT-COM-2025-00130,Conduct Enhanced Due Diligence,2025-07-25 02:56:27,BSA / AML Compliance Officer,escalation=compliance_committee_review
FT-COM-2025-00131,Conduct Enhanced Due Diligence,2025-07-24 09:45:16,BSA / AML Compliance Officer,entity_type=LLC;outcome=declined;decline_reason=industry_blocked
FT-COM-2025-00132,Conduct Enhanced Due Diligence,2025-07-22 07:59:56,BSA / AML Compliance Officer,entity_type=Partnership;outcome=approved
FT-COM-2025-00133,Conduct Enhanced Due Diligence,2025-07-23 09:44:40,BSA / AML Compliance Officer,entity_type=Partnership;outcome=approved
FT-COM-2025-00135,Conduct Enhanced Due Diligence,2025-07-24 01:46:30,BSA / AML Compliance Officer,entity_type=LLC;risk_flag=pep_hit;outcome=approved
FT-COM-2025-00135,Conduct Enhanced Due Diligence,2025-07-31 01:46:30,BSA / AML Compliance Officer,escalation=compliance_committee_review
FT-COM-2025-00136,Conduct Enhanced Due Diligence,2025-07-26 03:22:08,BSA / AML Compliance Officer,entity_type=Corp;outcome=declined;decline_reason=credit_risk
FT-COM-2025-00137,Conduct Enhanced Due Diligence,2025-07-24 22:37:49,BSA / AML Compliance Officer,entity_type=LLC;outcome=approved
FT-COM-2025-00138,Conduct Enhanced Due Diligence,2025-07-25 21:56:49,BSA / AML Compliance Officer,entity_type=Partnership;outcome=approved
FT-COM-2025-00139,Conduct Enhanced Due Diligence,2025-07-26 14:14:43,BSA / AML Compliance Officer,entity_type=Corp;outcome=declined;decline_reason=edd_failed
FT-COM-2025-00140,Conduct Enhanced Due Diligence,2025-07-28 19:52:44,BSA / AML Compliance Officer,entity_type=Corp;outcome=approved
FT-COM-2025-00141,Conduct Enhanced Due Diligence,2025-07-27 04:54:33,BSA / AML Compliance Officer,entity_type=Partnership;outcome=approved
FT-COM-2025-00142,Conduct Enhanced Due Diligence,2025-07-30 14:13:06,BSA / AML Compliance Officer,entity_type=Corp;outcome=declined;decline_reason=industry_blocked
FT-COM-2025-00143,Conduct Enhanced Due Diligence,2025-07-29 19:14:23,BSA / AML Compliance Officer,entity_type=LLC;risk_flag=pep_hit;outcome=approved
FT-COM-2025-00143,Conduct Enhanced Due Diligence,2025-08-05 19:14:23,BSA / AML Compliance Officer,escalation=compliance_committee_review
FT-COM-2025-00144,Conduct Enhanced Due Diligence,2025-07-28 12:15:43,BSA / AML Compliance Officer,entity_type=LLC;risk_flag=pep_hit;outcome=approved
FT-COM-2025-00144,Conduct Enhanced Due Diligence,2025-08-05 12:15:43,BSA / AML Compliance Officer,escalation=compliance_committee_review
FT-COM-2025-00145,Conduct Enhanced Due Diligence,2025-08-02 08:52:37,BSA / AML Compliance Officer,entity_type=Corp;outcome=approved
FT-COM-2025-00146,Conduct Enhanced Due Diligence,2025-08-01 12:02:33,BSA / AML Compliance Officer,entity_type=Corp;outcome=approved
FT-COM-2025-00147,Conduct Enhanced Due Diligence,2025-07-30 03:56:03,BSA / AML Compliance Officer,entity_type=LP;outcome=approved
FT-COM-2025-00148,Conduct Enhanced Due Diligence,2025-08-01 05:02:48,BSA / AML Compliance Officer,entity_type=LLC;outcome=approved
FT-COM-2025-00149,Conduct Enhanced Due Diligence,2025-08-01 18:23:18,BSA / AML Compliance Officer,entity_type=Partnership;outcome=approved
FT-COM-2025-00150,Conduct Enhanced Due Diligence,2025-08-03 08:57:36,BSA / AML Compliance Officer,entity_type=Corp;risk_flag=pep_hit;outcome=approved
FT-COM-2025-00150,Conduct Enhanced Due Diligence,2025-08-08 08:57:36,BSA / AML Compliance Officer,escalation=compliance_committee_review
FT-COM-2025-00152,Conduct Enhanced Due Diligence,2025-08-04 21:21:07,BSA / AML Compliance Officer,entity_type=Corp;risk_flag=pep_hit;outcome=approved
FT-COM-2025-00152,Conduct Enhanced Due Diligence,2025-08-10 21:21:07,BSA / AML Compliance Officer,escalation=compliance_committee_review
FT-COM-2025-00153,Conduct Enhanced Due Diligence,2025-08-03 13:58:12,BSA / AML Compliance Officer,entity_type=LLC;outcome=approved
FT-COM-2025-00154,Conduct Enhanced Due Diligence,2025-08-08 19:02:01,BSA / AML Compliance Officer,entity_type=Corp;outcome=approved
FT-COM-2025-00155,Conduct Enhanced Due Diligence,2025-08-05 07:13:20,BSA / AML Compliance Officer,entity_type=Corp;outcome=declined;decline_reason=industry_blocked
FT-COM-2025-00156,Conduct Enhanced Due Diligence,2025-08-07 03:20:30,BSA / AML Compliance Officer,entity_type=Partnership;outcome=approved
FT-COM-2025-00157,Conduct Enhanced Due Diligence,2025-08-07 23:12:00,BSA / AML Compliance Officer,entity_type=Corp;outcome=approved
FT-COM-2025-00158,Conduct Enhanced Due Diligence,2025-08-07 00:05:13,BSA / AML Compliance Officer,entity_type=LP;outcome=approved
FT-COM-2025-00160,Conduct Enhanced Due Diligence,2025-08-11 04:45:54,BSA / AML Compliance Officer,entity_type=Corp;outcome=approved
FT-COM-2025-00161,Conduct Enhanced Due Diligence,2025-08-07 00:06:19,BSA / AML Compliance Officer,entity_type=LLC;outcome=approved
FT-COM-2025-00162,Conduct Enhanced Due Diligence,2025-08-09 08:26:50,BSA / AML Compliance Officer,entity_type=Partnership;outcome=approved
FT-COM-2025-00163,Conduct Enhanced Due Diligence,2025-08-13 08:42:05,BSA / AML Compliance Officer,entity_type=Corp;outcome=approved
FT-COM-2025-00164,Conduct Enhanced Due Diligence,2025-08-09 01:21:53,BSA / AML Compliance Officer,entity_type=LP;outcome=approved
FT-COM-2025-00165,Conduct Enhanced Due Diligence,2025-08-11 14:26:18,BSA / AML Compliance Officer,entity_type=Corp;outcome=approved
FT-COM-2025-00166,Conduct Enhanced Due Diligence,2025-08-13 22:04:11,BSA / AML Compliance Officer,entity_type=LP;outcome=approved
FT-COM-2025-00167,Conduct Enhanced Due Diligence,2025-08-12 08:38:20,BSA / AML Compliance Officer,entity_type=LLC;outcome=approved
FT-COM-2025-00168,Conduct Enhanced Due Diligence,2025-08-12 13:42:46,BSA / AML Compliance Officer,entity_type=Corp;risk_flag=pep_hit;outcome=approved
FT-COM-2025-00168,Conduct Enhanced Due Diligence,2025-08-20 13:42:46,BSA / AML Compliance Officer,escalation=compliance_committee_review
FT-COM-2025-00169,Conduct Enhanced Due Diligence,2025-08-13 13:19:59,BSA / AML Compliance Officer,entity_type=Corp;outcome=approved
FT-COM-2025-00170,Conduct Enhanced Due Diligence,2025-08-14 18:25:09,BSA / AML Compliance Officer,entity_type=LLC;risk_flag=pep_hit;outcome=approved
FT-COM-2025-00170,Conduct Enhanced Due Diligence,2025-08-21 18:25:09,BSA / AML Compliance Officer,escalation=compliance_committee_review
FT-COM-2025-00171,Conduct Enhanced Due Diligence,2025-08-16 02:30:03,BSA / AML Compliance Officer,entity_type=Corp;outcome=approved
FT-COM-2025-00172,Conduct Enhanced Due Diligence,2025-08-15 15:04:53,BSA / AML Compliance Officer,entity_type=Corp;outcome=approved
FT-COM-2025-00173,Conduct Enhanced Due Diligence,2025-08-16 13:57:39,BSA / AML Compliance Officer,entity_type=Corp;outcome=approved
FT-COM-2025-00174,Conduct Enhanced Due Diligence,2025-08-17 13:19:44,BSA / AML Compliance Officer,entity_type=Corp;outcome=approved
FT-COM-2025-00175,Conduct Enhanced Due Diligence,2025-08-17 14:06:10,BSA / AML Compliance Officer,entity_type=LLC;outcome=approved
FT-COM-2025-00176,Conduct Enhanced Due Diligence,2025-08-15 17:16:21,BSA / AML Compliance Officer,entity_type=Partnership;outcome=approved
FT-COM-2025-00177,Conduct Enhanced Due Diligence,2025-08-19 21:35:38,BSA / AML Compliance Officer,entity_type=LLC;outcome=approved
FT-COM-2025-00178,Conduct Enhanced Due Diligence,2025-08-18 04:33:28,BSA / AML Compliance Officer,entity_type=Corp;outcome=approved
FT-COM-2025-00179,Conduct Enhanced Due Diligence,2025-08-20 11:04:32,BSA / AML Compliance Officer,entity_type=LP;outcome=approved
FT-COM-2025-00180,Conduct Enhanced Due Diligence,2025-08-23 02:02:30,BSA / AML Compliance Officer,entity_type=Corp;outcome=approved
FT-COM-2025-00181,Conduct Enhanced Due Diligence,2025-08-23 12:36:54,BSA / AML Compliance Officer,entity_type=Corp;outcome=approved
FT-COM-2025-00182,Conduct Enhanced Due Diligence,2025-08-20 10:44:51,BSA / AML Compliance Officer,entity_type=LLC;outcome=declined;decline_reason=edd_failed
FT-COM-2025-00183,Conduct Enhanced Due Diligence,2025-08-22 02:15:14,BSA / AML Compliance Officer,entity_type=Corp;outcome=approved
FT-COM-2025-00184,Conduct Enhanced Due Diligence,2025-08-20 19:03:07,BSA / AML Compliance Officer,entity_type=LP;outcome=approved
FT-COM-2025-00185,Conduct Enhanced Due Diligence,2025-08-24 10:28:57,BSA / AML Compliance Officer,entity_type=LLC;outcome=approved
FT-COM-2025-00186,Conduct Enhanced Due Diligence,2025-08-23 08:24:48,BSA / AML Compliance Officer,entity_type=LLC;risk_flag=pep_hit;outcome=approved
FT-COM-2025-00186,Conduct Enhanced Due Diligence,2025-08-26 08:24:48,BSA / AML Compliance Officer,escalation=compliance_committee_review
FT-COM-2025-00187,Conduct Enhanced Due Diligence,2025-08-24 09:31:09,BSA / AML Compliance Officer,entity_type=LP;outcome=approved
FT-COM-2025-00188,Conduct Enhanced Due Diligence,2025-08-24 04:56:55,BSA / AML Compliance Officer,entity_type=LLC;outcome=declined;decline_reason=credit_risk
FT-COM-2025-00189,Conduct Enhanced Due Diligence,2025-08-27 21:04:53,BSA / AML Compliance Officer,entity_type=Corp;outcome=approved
FT-COM-2025-00190,Conduct Enhanced Due Diligence,2025-08-27 05:24:37,BSA / AML Compliance Officer,entity_type=LLC;outcome=approved
FT-COM-2025-00191,Conduct Enhanced Due Diligence,2025-08-25 15:15:54,BSA / AML Compliance Officer,entity_type=LLC;outcome=declined;decline_reason=credit_risk
FT-COM-2025-00192,Conduct Enhanced Due Diligence,2025-08-27 05:13:07,BSA / AML Compliance Officer,entity_type=LP;outcome=approved
FT-COM-2025-00193,Conduct Enhanced Due Diligence,2025-08-26 12:09:17,BSA / AML Compliance Officer,entity_type=LP;outcome=approved
FT-COM-2025-00194,Conduct Enhanced Due Diligence,2025-08-29 07:09:36,BSA / AML Compliance Officer,entity_type=LLC;outcome=approved
FT-COM-2025-00195,Conduct Enhanced Due Diligence,2025-08-29 01:48:49,BSA / AML Compliance Officer,entity_type=LLC;outcome=approved
FT-COM-2025-00196,Conduct Enhanced Due Diligence,2025-08-30 19:29:09,BSA / AML Compliance Officer,entity_type=Partnership;outcome=approved
FT-COM-2025-00197,Conduct Enhanced Due Diligence,2025-08-28 23:44:30,BSA / AML Compliance Officer,entity_type=Corp;outcome=approved
FT-COM-2025-00198,Conduct Enhanced Due Diligence,2025-09-02 09:23:14,BSA / AML Compliance Officer,entity_type=Corp;outcome=approved
FT-COM-2025-00199,Conduct Enhanced Due Diligence,2025-09-02 14:44:04,BSA / AML Compliance Officer,entity_type=LP;outcome=approved
FT-COM-2025-00200,Conduct Enhanced Due Diligence,2025-09-01 23:51:57,BSA / AML Compliance Officer,entity_type=LLC;outcome=approved
FT-COM-2025-00201,Conduct Enhanced Due Diligence,2025-09-02 15:27:20,BSA / AML Compliance Officer,entity_type=LLC;outcome=approved
FT-COM-2025-00202,Conduct Enhanced Due Diligence,2025-09-04 00:27:21,BSA / AML Compliance Officer,entity_type=Corp;outcome=approved
FT-COM-2025-00203,Conduct Enhanced Due Diligence,2025-09-02 22:52:41,BSA / AML Compliance Officer,entity_type=Partnership;outcome=approved
FT-COM-2025-00204,Conduct Enhanced Due Diligence,2025-09-03 07:27:09,BSA / AML Compliance Officer,entity_type=Corp;risk_flag=pep_hit;outcome=approved
FT-COM-2025-00204,Conduct Enhanced Due Diligence,2025-09-11 07:27:09,BSA / AML Compliance Officer,escalation=compliance_committee_review
FT-COM-2025-00205,Conduct Enhanced Due Diligence,2025-09-06 18:53:41,BSA / AML Compliance Officer,entity_type=LLC;outcome=approved
FT-COM-2025-00206,Conduct Enhanced Due Diligence,2025-09-04 21:08:39,BSA / AML Compliance Officer,entity_type=LLC;risk_flag=pep_hit;outcome=approved
FT-COM-2025-00206,Conduct Enhanced Due Diligence,2025-09-09 21:08:39,BSA / AML Compliance Officer,escalation=compliance_committee_review
FT-COM-2025-00207,Conduct Enhanced Due Diligence,2025-09-06 22:41:57,BSA / AML Compliance Officer,entity_type=Corp;risk_flag=pep_hit;outcome=approved
FT-COM-2025-00207,Conduct Enhanced Due Diligence,2025-09-10 22:41:57,BSA / AML Compliance Officer,escalation=compliance_committee_review
FT-COM-2025-00208,Conduct Enhanced Due Diligence,2025-09-11 01:30:13,BSA / AML Compliance Officer,entity_type=Corp;outcome=approved
FT-COM-2025-00209,Conduct Enhanced Due Diligence,2025-09-07 20:13:57,BSA / AML Compliance Officer,entity_type=LP;outcome=approved
FT-COM-2025-00210,Conduct Enhanced Due Diligence,2025-09-08 09:00:04,BSA / AML Compliance Officer,entity_type=LLC;outcome=declined;decline_reason=credit_risk
FT-COM-2025-00211,Conduct Enhanced Due Diligence,2025-09-06 22:33:36,BSA / AML Compliance Officer,entity_type=LP;outcome=approved
FT-COM-2025-00212,Conduct Enhanced Due Diligence,2025-09-08 05:10:30,BSA / AML Compliance Officer,entity_type=LLC;outcome=approved
FT-COM-2025-00213,Conduct Enhanced Due Diligence,2025-09-10 18:15:23,BSA / AML Compliance Officer,entity_type=Corp;outcome=approved
FT-COM-2025-00214,Conduct Enhanced Due Diligence,2025-09-09 17:10:40,BSA / AML Compliance Officer,entity_type=Partnership;outcome=approved
FT-COM-2025-00215,Conduct Enhanced Due Diligence,2025-09-09 16:19:24,BSA / AML Compliance Officer,entity_type=Partnership;outcome=approved
FT-COM-2025-00216,Conduct Enhanced Due Diligence,2025-09-11 07:19:55,BSA / AML Compliance Officer,entity_type=Corp;outcome=approved
FT-COM-2025-00217,Conduct Enhanced Due Diligence,2025-09-12 19:33:17,BSA / AML Compliance Officer,entity_type=Corp;outcome=declined;decline_reason=edd_failed
FT-COM-2025-00218,Conduct Enhanced Due Diligence,2025-09-11 05:35:31,BSA / AML Compliance Officer,entity_type=Corp;outcome=approved
FT-COM-2025-00219,Conduct Enhanced Due Diligence,2025-09-11 16:58:02,BSA / AML Compliance Officer,entity_type=LLC;outcome=approved
FT-COM-2025-00220,Conduct Enhanced Due Diligence,2025-09-13 17:15:07,BSA / AML Compliance Officer,entity_type=Corp;outcome=declined;decline_reason=industry_blocked
FT-COM-2025-00221,Conduct Enhanced Due Diligence,2025-09-14 14:32:44,BSA / AML Compliance Officer,entity_type=Partnership;outcome=approved
FT-COM-2025-00222,Conduct Enhanced Due Diligence,2025-09-15 08:09:45,BSA / AML Compliance Officer,entity_type=LLC;risk_flag=pep_hit;outcome=approved
FT-COM-2025-00222,Conduct Enhanced Due Diligence,2025-09-21 08:09:45,BSA / AML Compliance Officer,escalation=compliance_committee_review
FT-COM-2025-00223,Conduct Enhanced Due Diligence,2025-09-15 14:49:12,BSA / AML Compliance Officer,entity_type=Partnership;outcome=approved
FT-COM-2025-00224,Conduct Enhanced Due Diligence,2025-09-15 14:34:21,BSA / AML Compliance Officer,entity_type=LLC;outcome=approved
FT-COM-2025-00225,Conduct Enhanced Due Diligence,2025-09-16 22:52:28,BSA / AML Compliance Officer,entity_type=Corp;outcome=approved
FT-COM-2025-00226,Conduct Enhanced Due Diligence,2025-09-17 23:48:25,BSA / AML Compliance Officer,entity_type=Corp;outcome=approved
FT-COM-2025-00227,Conduct Enhanced Due Diligence,2025-09-16 21:37:39,BSA / AML Compliance Officer,entity_type=LP;outcome=approved
FT-COM-2025-00228,Conduct Enhanced Due Diligence,2025-09-17 07:13:12,BSA / AML Compliance Officer,entity_type=Corp;outcome=approved
FT-COM-2025-00229,Conduct Enhanced Due Diligence,2025-09-19 13:35:38,BSA / AML Compliance Officer,entity_type=Partnership;outcome=approved
FT-COM-2025-00230,Conduct Enhanced Due Diligence,2025-09-20 02:26:52,BSA / AML Compliance Officer,entity_type=Corp;outcome=approved
FT-COM-2025-00231,Conduct Enhanced Due Diligence,2025-09-23 18:41:14,BSA / AML Compliance Officer,entity_type=Corp;outcome=approved
FT-COM-2025-00233,Conduct Enhanced Due Diligence,2025-09-22 07:36:37,BSA / AML Compliance Officer,entity_type=LLC;outcome=approved
FT-COM-2025-00235,Conduct Enhanced Due Diligence,2025-09-22 10:24:38,BSA / AML Compliance Officer,entity_type=Corp;outcome=approved
FT-COM-2025-00236,Conduct Enhanced Due Diligence,2025-09-23 03:50:46,BSA / AML Compliance Officer,entity_type=LLC;outcome=approved
FT-COM-2025-00237,Conduct Enhanced Due Diligence,2025-09-25 04:09:34,BSA / AML Compliance Officer,entity_type=Partnership;outcome=approved
FT-COM-2025-00238,Conduct Enhanced Due Diligence,2025-09-26 16:04:21,BSA / AML Compliance Officer,entity_type=Partnership;outcome=approved
FT-COM-2025-00239,Conduct Enhanced Due Diligence,2025-09-26 19:23:28,BSA / AML Compliance Officer,entity_type=Corp;outcome=approved
FT-COM-2025-00241,Conduct Enhanced Due Diligence,2025-09-25 09:58:10,BSA / AML Compliance Officer,entity_type=Corp;outcome=approved
FT-COM-2025-00242,Conduct Enhanced Due Diligence,2025-09-26 03:42:38,BSA / AML Compliance Officer,entity_type=LLC;risk_flag=pep_hit;outcome=approved
FT-COM-2025-00242,Conduct Enhanced Due Diligence,2025-09-29 03:42:38,BSA / AML Compliance Officer,escalation=compliance_committee_review
FT-COM-2025-00243,Conduct Enhanced Due Diligence,2025-09-26 10:20:11,BSA / AML Compliance Officer,entity_type=LLC;risk_flag=pep_hit;outcome=approved
FT-COM-2025-00243,Conduct Enhanced Due Diligence,2025-10-04 10:20:11,BSA / AML Compliance Officer,escalation=compliance_committee_review
FT-COM-2025-00244,Conduct Enhanced Due Diligence,2025-09-27 16:06:43,BSA / AML Compliance Officer,entity_type=LLC;outcome=approved
FT-COM-2025-00245,Conduct Enhanced Due Diligence,2025-09-27 18:31:00,BSA / AML Compliance Officer,entity_type=Corp;outcome=approved
FT-COM-2025-00246,Conduct Enhanced Due Diligence,2025-10-01 00:15:41,BSA / AML Compliance Officer,entity_type=Corp;outcome=approved
FT-COM-2025-00247,Conduct Enhanced Due Diligence,2025-09-29 21:23:22,BSA / AML Compliance Officer,entity_type=LLC;outcome=declined;decline_reason=credit_risk
FT-COM-2025-00248,Conduct Enhanced Due Diligence,2025-09-30 22:30:14,BSA / AML Compliance Officer,entity_type=LLC;outcome=abandoned
FT-COM-2025-00249,Conduct Enhanced Due Diligence,2025-10-01 13:02:09,BSA / AML Compliance Officer,entity_type=LP;outcome=approved
FT-COM-2025-00250,Conduct Enhanced Due Diligence,2025-09-30 16:46:28,BSA / AML Compliance Officer,entity_type=Partnership;outcome=approved
FT-COM-2025-00251,Conduct Enhanced Due Diligence,2025-10-02 18:55:12,BSA / AML Compliance Officer,entity_type=LLC;risk_flag=pep_hit;outcome=approved
FT-COM-2025-00251,Conduct Enhanced Due Diligence,2025-10-10 18:55:12,BSA / AML Compliance Officer,escalation=compliance_committee_review
FT-COM-2025-00252,Conduct Enhanced Due Diligence,2025-10-01 18:21:18,BSA / AML Compliance Officer,entity_type=Partnership;outcome=approved
FT-COM-2025-00253,Conduct Enhanced Due Diligence,2025-10-05 02:27:53,BSA / AML Compliance Officer,entity_type=Partnership;outcome=approved
FT-COM-2025-00254,Conduct Enhanced Due Diligence,2025-10-03 17:12:31,BSA / AML Compliance Officer,entity_type=Corp;outcome=declined;decline_reason=industry_blocked
FT-COM-2025-00255,Conduct Enhanced Due Diligence,2025-10-04 06:34:20,BSA / AML Compliance Officer,entity_type=LLC;outcome=approved
FT-COM-2025-00256,Conduct Enhanced Due Diligence,2025-10-05 05:53:49,BSA / AML Compliance Officer,entity_type=LLC;risk_flag=pep_hit;outcome=approved
FT-COM-2025-00256,Conduct Enhanced Due Diligence,2025-10-10 05:53:49,BSA / AML Compliance Officer,escalation=compliance_committee_review
FT-COM-2025-00257,Conduct Enhanced Due Diligence,2025-10-05 04:12:06,BSA / AML Compliance Officer,entity_type=Partnership;outcome=approved
FT-COM-2025-00258,Conduct Enhanced Due Diligence,2025-10-05 06:53:29,BSA / AML Compliance Officer,entity_type=Partnership;outcome=approved
FT-COM-2025-00259,Conduct Enhanced Due Diligence,2025-10-06 10:57:27,BSA / AML Compliance Officer,entity_type=LLC;risk_flag=pep_hit;outcome=approved
FT-COM-2025-00259,Conduct Enhanced Due Diligence,2025-10-10 10:57:27,BSA / AML Compliance Officer,escalation=compliance_committee_review
FT-COM-2025-00260,Conduct Enhanced Due Diligence,2025-10-06 04:53:30,BSA / AML Compliance Officer,entity_type=LP;outcome=approved
FT-COM-2025-00261,Conduct Enhanced Due Diligence,2025-10-11 00:53:02,BSA / AML Compliance Officer,entity_type=LLC;outcome=approved
FT-COM-2025-00262,Conduct Enhanced Due Diligence,2025-10-10 02:24:12,BSA / AML Compliance Officer,entity_type=LP;outcome=approved
FT-COM-2025-00263,Conduct Enhanced Due Diligence,2025-10-10 22:00:33,BSA / AML Compliance Officer,entity_type=Corp;outcome=approved
FT-COM-2025-00264,Conduct Enhanced Due Diligence,2025-10-10 03:38:12,BSA / AML Compliance Officer,entity_type=LLC;outcome=approved
FT-COM-2025-00265,Conduct Enhanced Due Diligence,2025-10-12 13:26:08,BSA / AML Compliance Officer,entity_type=Corp;outcome=approved
FT-COM-2025-00266,Conduct Enhanced Due Diligence,2025-10-14 02:31:30,BSA / AML Compliance Officer,entity_type=Corp;outcome=declined;decline_reason=credit_risk
FT-COM-2025-00267,Conduct Enhanced Due Diligence,2025-10-10 12:44:32,BSA / AML Compliance Officer,entity_type=Partnership;outcome=approved
FT-COM-2025-00268,Conduct Enhanced Due Diligence,2025-10-10 16:13:25,BSA / AML Compliance Officer,entity_type=Partnership;outcome=approved
FT-COM-2025-00269,Conduct Enhanced Due Diligence,2025-10-14 14:52:10,BSA / AML Compliance Officer,entity_type=Partnership;outcome=approved
FT-COM-2025-00270,Conduct Enhanced Due Diligence,2025-10-14 15:52:18,BSA / AML Compliance Officer,entity_type=Partnership;outcome=approved
FT-COM-2025-00271,Conduct Enhanced Due Diligence,2025-10-15 01:21:54,BSA / AML Compliance Officer,entity_type=Partnership;outcome=approved
FT-COM-2025-00272,Conduct Enhanced Due Diligence,2025-10-15 05:20:17,BSA / AML Compliance Officer,entity_type=Corp;outcome=approved
FT-COM-2025-00273,Conduct Enhanced Due Diligence,2025-10-19 12:19:32,BSA / AML Compliance Officer,entity_type=Corp;outcome=approved
FT-COM-2025-00274,Conduct Enhanced Due Diligence,2025-10-17 10:06:18,BSA / AML Compliance Officer,entity_type=Partnership;outcome=approved
FT-COM-2025-00275,Conduct Enhanced Due Diligence,2025-10-16 11:53:24,BSA / AML Compliance Officer,entity_type=Corp;outcome=approved
FT-COM-2025-00276,Conduct Enhanced Due Diligence,2025-10-19 08:12:25,BSA / AML Compliance Officer,entity_type=Partnership;outcome=approved
FT-COM-2025-00277,Conduct Enhanced Due Diligence,2025-10-16 06:34:03,BSA / AML Compliance Officer,entity_type=LLC;risk_flag=pep_hit;outcome=approved
FT-COM-2025-00277,Conduct Enhanced Due Diligence,2025-10-20 06:34:03,BSA / AML Compliance Officer,escalation=compliance_committee_review
FT-COM-2025-00278,Conduct Enhanced Due Diligence,2025-10-20 00:23:13,BSA / AML Compliance Officer,entity_type=Corp;outcome=declined;decline_reason=credit_risk
FT-COM-2025-00279,Conduct Enhanced Due Diligence,2025-10-20 22:57:25,BSA / AML Compliance Officer,entity_type=LP;outcome=approved
FT-COM-2025-00280,Conduct Enhanced Due Diligence,2025-10-18 14:51:58,BSA / AML Compliance Officer,entity_type=LLC;outcome=declined;decline_reason=edd_failed
FT-COM-2025-00281,Conduct Enhanced Due Diligence,2025-10-21 05:47:35,BSA / AML Compliance Officer,entity_type=LLC;outcome=approved
FT-COM-2025-00282,Conduct Enhanced Due Diligence,2025-10-21 20:29:27,BSA / AML Compliance Officer,entity_type=Partnership;outcome=approved
FT-COM-2025-00283,Conduct Enhanced Due Diligence,2025-10-26 07:34:29,BSA / AML Compliance Officer,entity_type=Corp;outcome=approved
FT-COM-2025-00284,Conduct Enhanced Due Diligence,2025-10-23 19:20:46,BSA / AML Compliance Officer,entity_type=Partnership;outcome=approved
FT-COM-2025-00285,Conduct Enhanced Due Diligence,2025-10-25 17:10:43,BSA / AML Compliance Officer,entity_type=LLC;outcome=approved
FT-COM-2025-00286,Conduct Enhanced Due Diligence,2025-10-22 07:59:51,BSA / AML Compliance Officer,entity_type=LLC;outcome=approved
FT-COM-2025-00287,Conduct Enhanced Due Diligence,2025-10-25 19:52:21,BSA / AML Compliance Officer,entity_type=Corp;risk_flag=pep_hit;outcome=approved
FT-COM-2025-00287,Conduct Enhanced Due Diligence,2025-11-02 19:52:21,BSA / AML Compliance Officer,escalation=compliance_committee_review
FT-COM-2025-00288,Conduct Enhanced Due Diligence,2025-10-26 18:33:39,BSA / AML Compliance Officer,entity_type=LP;outcome=approved
FT-COM-2025-00289,Conduct Enhanced Due Diligence,2025-10-25 12:17:19,BSA / AML Compliance Officer,entity_type=LLC;outcome=approved
FT-COM-2025-00290,Conduct Enhanced Due Diligence,2025-10-25 13:35:03,BSA / AML Compliance Officer,entity_type=Corp;outcome=approved
FT-COM-2025-00291,Conduct Enhanced Due Diligence,2025-10-27 16:54:04,BSA / AML Compliance Officer,entity_type=Corp;outcome=approved
FT-COM-2025-00292,Conduct Enhanced Due Diligence,2025-10-27 19:20:09,BSA / AML Compliance Officer,entity_type=Partnership;outcome=approved
FT-COM-2025-00293,Conduct Enhanced Due Diligence,2025-10-29 06:33:35,BSA / AML Compliance Officer,entity_type=Partnership;outcome=approved
FT-COM-2025-00294,Conduct Enhanced Due Diligence,2025-10-31 07:54:46,BSA / AML Compliance Officer,entity_type=LLC;outcome=approved
FT-COM-2025-00295,Conduct Enhanced Due Diligence,2025-10-29 15:36:40,BSA / AML Compliance Officer,entity_type=Corp;risk_flag=pep_hit;outcome=approved
FT-COM-2025-00295,Conduct Enhanced Due Diligence,2025-11-05 15:36:40,BSA / AML Compliance Officer,escalation=compliance_committee_review
FT-COM-2025-00296,Conduct Enhanced Due Diligence,2025-10-31 12:19:31,BSA / AML Compliance Officer,entity_type=Corp;outcome=approved
FT-COM-2025-00297,Conduct Enhanced Due Diligence,2025-11-02 00:35:20,BSA / AML Compliance Officer,entity_type=Corp;outcome=approved
FT-COM-2025-00299,Conduct Enhanced Due Diligence,2025-10-31 10:19:15,BSA / AML Compliance Officer,entity_type=Corp;risk_flag=pep_hit;outcome=approved
FT-COM-2025-00299,Conduct Enhanced Due Diligence,2025-11-03 10:19:15,BSA / AML Compliance Officer,escalation=compliance_committee_review
FT-COM-2025-00300,Conduct Enhanced Due Diligence,2025-11-02 23:26:45,BSA / AML Compliance Officer,entity_type=Corp;risk_flag=pep_hit;outcome=approved
FT-COM-2025-00300,Conduct Enhanced Due Diligence,2025-11-07 23:26:45,BSA / AML Compliance Officer,escalation=compliance_committee_review
FT-COM-2025-00301,Conduct Enhanced Due Diligence,2025-11-05 09:54:18,BSA / AML Compliance Officer,entity_type=Corp;outcome=approved
FT-COM-2025-00302,Conduct Enhanced Due Diligence,2025-11-03 17:24:41,BSA / AML Compliance Officer,entity_type=LLC;risk_flag=pep_hit;outcome=approved
FT-COM-2025-00302,Conduct Enhanced Due Diligence,2025-11-11 17:24:41,BSA / AML Compliance Officer,escalation=compliance_committee_review
FT-COM-2025-00303,Conduct Enhanced Due Diligence,2025-11-03 17:06:01,BSA / AML Compliance Officer,entity_type=LP;outcome=approved
FT-COM-2025-00304,Conduct Enhanced Due Diligence,2025-11-04 13:06:43,BSA / AML Compliance Officer,entity_type=Corp;outcome=declined;decline_reason=credit_risk
FT-COM-2025-00305,Conduct Enhanced Due Diligence,2025-11-04 01:04:24,BSA / AML Compliance Officer,entity_type=Partnership;outcome=approved
FT-COM-2025-00306,Conduct Enhanced Due Diligence,2025-11-06 05:53:49,BSA / AML Compliance Officer,entity_type=Partnership;outcome=approved
FT-COM-2025-00307,Conduct Enhanced Due Diligence,2025-11-04 23:38:35,BSA / AML Compliance Officer,entity_type=Partnership;outcome=approved
FT-COM-2025-00308,Conduct Enhanced Due Diligence,2025-11-06 15:54:26,BSA / AML Compliance Officer,entity_type=LLC;outcome=approved
FT-COM-2025-00309,Conduct Enhanced Due Diligence,2025-11-07 01:26:37,BSA / AML Compliance Officer,entity_type=LP;outcome=approved
FT-COM-2025-00310,Conduct Enhanced Due Diligence,2025-11-09 23:27:41,BSA / AML Compliance Officer,entity_type=Corp;outcome=approved
FT-COM-2025-00311,Conduct Enhanced Due Diligence,2025-11-07 07:38:42,BSA / AML Compliance Officer,entity_type=Corp;risk_flag=pep_hit;outcome=approved
FT-COM-2025-00311,Conduct Enhanced Due Diligence,2025-11-10 07:38:42,BSA / AML Compliance Officer,escalation=compliance_committee_review
FT-COM-2025-00312,Conduct Enhanced Due Diligence,2025-11-06 18:58:16,BSA / AML Compliance Officer,entity_type=LP;outcome=approved
FT-COM-2025-00313,Conduct Enhanced Due Diligence,2025-11-12 10:43:07,BSA / AML Compliance Officer,entity_type=LLC;outcome=approved
FT-COM-2025-00314,Conduct Enhanced Due Diligence,2025-11-08 17:41:39,BSA / AML Compliance Officer,entity_type=Corp;outcome=approved
FT-COM-2025-00315,Conduct Enhanced Due Diligence,2025-11-11 23:29:03,BSA / AML Compliance Officer,entity_type=Partnership;outcome=approved
FT-COM-2025-00316,Conduct Enhanced Due Diligence,2025-11-11 12:29:53,BSA / AML Compliance Officer,entity_type=LP;outcome=approved
FT-COM-2025-00317,Conduct Enhanced Due Diligence,2025-11-10 22:13:53,BSA / AML Compliance Officer,entity_type=LLC;outcome=approved
FT-COM-2025-00318,Conduct Enhanced Due Diligence,2025-11-13 18:06:21,BSA / AML Compliance Officer,entity_type=Partnership;outcome=approved
FT-COM-2025-00319,Conduct Enhanced Due Diligence,2025-11-14 06:09:10,BSA / AML Compliance Officer,entity_type=LP;outcome=approved
FT-COM-2025-00320,Conduct Enhanced Due Diligence,2025-11-14 05:34:12,BSA / AML Compliance Officer,entity_type=Corp;outcome=declined;decline_reason=edd_failed
FT-COM-2025-00321,Conduct Enhanced Due Diligence,2025-11-13 00:56:15,BSA / AML Compliance Officer,entity_type=Partnership;outcome=approved
FT-COM-2025-00322,Conduct Enhanced Due Diligence,2025-11-16 16:02:06,BSA / AML Compliance Officer,entity_type=Corp;outcome=approved
FT-COM-2025-00323,Conduct Enhanced Due Diligence,2025-11-16 02:36:07,BSA / AML Compliance Officer,entity_type=LLC;outcome=approved
FT-COM-2025-00324,Conduct Enhanced Due Diligence,2025-11-15 06:42:51,BSA / AML Compliance Officer,entity_type=LLC;outcome=approved
FT-COM-2025-00325,Conduct Enhanced Due Diligence,2025-11-15 21:39:07,BSA / AML Compliance Officer,entity_type=LLC;outcome=declined;decline_reason=credit_risk
FT-COM-2025-00326,Conduct Enhanced Due Diligence,2025-11-15 22:58:04,BSA / AML Compliance Officer,entity_type=LP;outcome=approved
FT-COM-2025-00327,Conduct Enhanced Due Diligence,2025-11-19 21:31:07,BSA / AML Compliance Officer,entity_type=LLC;outcome=approved
FT-COM-2025-00328,Conduct Enhanced Due Diligence,2025-11-18 12:53:54,BSA / AML Compliance Officer,entity_type=LLC;outcome=approved
FT-COM-2025-00329,Conduct Enhanced Due Diligence,2025-11-19 04:40:40,BSA / AML Compliance Officer,entity_type=LLC;outcome=declined;decline_reason=industry_blocked
FT-COM-2025-00330,Conduct Enhanced Due Diligence,2025-11-18 09:58:57,BSA / AML Compliance Officer,entity_type=Partnership;outcome=approved
FT-COM-2025-00331,Conduct Enhanced Due Diligence,2025-11-20 17:28:20,BSA / AML Compliance Officer,entity_type=LP;outcome=approved
FT-COM-2025-00332,Conduct Enhanced Due Diligence,2025-11-21 12:28:44,BSA / AML Compliance Officer,entity_type=Partnership;outcome=approved
FT-COM-2025-00333,Conduct Enhanced Due Diligence,2025-11-20 07:56:29,BSA / AML Compliance Officer,entity_type=Corp;outcome=declined;decline_reason=credit_risk
FT-COM-2025-00335,Conduct Enhanced Due Diligence,2025-11-23 18:28:13,BSA / AML Compliance Officer,entity_type=Partnership;outcome=approved
FT-COM-2025-00336,Conduct Enhanced Due Diligence,2025-11-21 13:02:01,BSA / AML Compliance Officer,entity_type=LLC;risk_flag=pep_hit;outcome=approved
FT-COM-2025-00336,Conduct Enhanced Due Diligence,2025-11-26 13:02:01,BSA / AML Compliance Officer,escalation=compliance_committee_review
FT-COM-2025-00337,Conduct Enhanced Due Diligence,2025-11-22 16:33:34,BSA / AML Compliance Officer,entity_type=Corp;risk_flag=pep_hit;outcome=approved
FT-COM-2025-00337,Conduct Enhanced Due Diligence,2025-11-29 16:33:34,BSA / AML Compliance Officer,escalation=compliance_committee_review
FT-COM-2025-00338,Conduct Enhanced Due Diligence,2025-11-25 10:52:28,BSA / AML Compliance Officer,entity_type=Partnership;outcome=approved
FT-COM-2025-00339,Conduct Enhanced Due Diligence,2025-11-24 22:30:54,BSA / AML Compliance Officer,entity_type=LLC;outcome=approved
FT-COM-2025-00340,Conduct Enhanced Due Diligence,2025-11-28 04:10:53,BSA / AML Compliance Officer,entity_type=Corp;outcome=approved
FT-COM-2025-00341,Conduct Enhanced Due Diligence,2025-11-26 08:54:53,BSA / AML Compliance Officer,entity_type=Corp;outcome=approved
FT-COM-2025-00342,Conduct Enhanced Due Diligence,2025-11-30 16:51:01,BSA / AML Compliance Officer,entity_type=LLC;outcome=approved
FT-COM-2025-00343,Conduct Enhanced Due Diligence,2025-11-30 04:18:58,BSA / AML Compliance Officer,entity_type=Corp;outcome=approved
FT-COM-2025-00344,Conduct Enhanced Due Diligence,2025-11-29 16:33:06,BSA / AML Compliance Officer,entity_type=Partnership;outcome=approved
FT-COM-2025-00345,Conduct Enhanced Due Diligence,2025-11-30 02:12:50,BSA / AML Compliance Officer,entity_type=Corp;risk_flag=pep_hit;outcome=approved
FT-COM-2025-00345,Conduct Enhanced Due Diligence,2025-12-04 02:12:50,BSA / AML Compliance Officer,escalation=compliance_committee_review
FT-COM-2025-00346,Conduct Enhanced Due Diligence,2025-11-29 08:38:04,BSA / AML Compliance Officer,entity_type=Corp;outcome=approved
FT-COM-2025-00347,Conduct Enhanced Due Diligence,2025-12-02 07:56:56,BSA / AML Compliance Officer,entity_type=Corp;outcome=approved
FT-COM-2025-00348,Conduct Enhanced Due Diligence,2025-12-02 03:23:57,BSA / AML Compliance Officer,entity_type=Corp;outcome=abandoned
FT-COM-2025-00350,Conduct Enhanced Due Diligence,2025-12-02 23:53:46,BSA / AML Compliance Officer,entity_type=LLC;outcome=approved
FT-COM-2025-00351,Conduct Enhanced Due Diligence,2025-12-03 17:16:00,BSA / AML Compliance Officer,entity_type=LLC;risk_flag=pep_hit;outcome=approved
FT-COM-2025-00351,Conduct Enhanced Due Diligence,2025-12-08 17:16:00,BSA / AML Compliance Officer,escalation=compliance_committee_review
FT-COM-2025-00352,Conduct Enhanced Due Diligence,2025-12-03 20:50:39,BSA / AML Compliance Officer,entity_type=LP;outcome=approved
FT-COM-2025-00353,Conduct Enhanced Due Diligence,2025-12-02 02:41:35,BSA / AML Compliance Officer,entity_type=Partnership;outcome=approved
FT-COM-2025-00354,Conduct Enhanced Due Diligence,2025-12-05 23:55:44,BSA / AML Compliance Officer,entity_type=Partnership;outcome=approved
FT-COM-2025-00355,Conduct Enhanced Due Diligence,2025-12-08 09:10:41,BSA / AML Compliance Officer,entity_type=Corp;outcome=approved
FT-COM-2025-00356,Conduct Enhanced Due Diligence,2025-12-04 03:36:14,BSA / AML Compliance Officer,entity_type=Corp;outcome=approved
FT-COM-2025-00357,Conduct Enhanced Due Diligence,2025-12-06 16:27:57,BSA / AML Compliance Officer,entity_type=Corp;outcome=declined;decline_reason=industry_blocked
FT-COM-2025-00358,Conduct Enhanced Due Diligence,2025-12-10 03:51:18,BSA / AML Compliance Officer,entity_type=Corp;outcome=approved
FT-COM-2025-00359,Conduct Enhanced Due Diligence,2025-12-07 01:21:40,BSA / AML Compliance Officer,entity_type=LP;outcome=approved
FT-COM-2025-00360,Conduct Enhanced Due Diligence,2025-12-06 05:39:54,BSA / AML Compliance Officer,entity_type=Corp;outcome=declined;decline_reason=edd_failed
FT-COM-2025-00361,Conduct Enhanced Due Diligence,2025-12-09 07:40:52,BSA / AML Compliance Officer,entity_type=Corp;outcome=declined;decline_reason=industry_blocked
FT-COM-2025-00362,Conduct Enhanced Due Diligence,2025-12-06 18:13:02,BSA / AML Compliance Officer,entity_type=Partnership;outcome=approved
FT-COM-2025-00363,Conduct Enhanced Due Diligence,2025-12-10 04:38:10,BSA / AML Compliance Officer,entity_type=LLC;outcome=declined;decline_reason=industry_blocked
FT-COM-2025-00364,Conduct Enhanced Due Diligence,2025-12-10 14:11:58,BSA / AML Compliance Officer,entity_type=LLC;risk_flag=pep_hit;outcome=approved
FT-COM-2025-00364,Conduct Enhanced Due Diligence,2025-12-13 14:11:58,BSA / AML Compliance Officer,escalation=compliance_committee_review
FT-COM-2025-00365,Conduct Enhanced Due Diligence,2025-12-10 02:24:27,BSA / AML Compliance Officer,entity_type=LLC;outcome=approved
FT-COM-2025-00366,Conduct Enhanced Due Diligence,2025-12-12 23:38:36,BSA / AML Compliance Officer,entity_type=Corp;outcome=approved
FT-COM-2025-00367,Conduct Enhanced Due Diligence,2025-12-10 20:36:22,BSA / AML Compliance Officer,entity_type=Partnership;outcome=approved
FT-COM-2025-00368,Conduct Enhanced Due Diligence,2025-12-13 02:44:57,BSA / AML Compliance Officer,entity_type=Corp;outcome=approved
FT-COM-2025-00369,Conduct Enhanced Due Diligence,2025-12-14 09:09:13,BSA / AML Compliance Officer,entity_type=LLC;outcome=approved
FT-COM-2025-00370,Conduct Enhanced Due Diligence,2025-12-12 20:37:15,BSA / AML Compliance Officer,entity_type=Corp;outcome=declined;decline_reason=edd_failed
FT-COM-2025-00371,Conduct Enhanced Due Diligence,2025-12-15 23:15:08,BSA / AML Compliance Officer,entity_type=Partnership;outcome=approved
FT-COM-2025-00372,Conduct Enhanced Due Diligence,2025-12-14 09:30:34,BSA / AML Compliance Officer,entity_type=LP;outcome=approved
FT-COM-2025-00373,Conduct Enhanced Due Diligence,2025-12-16 05:46:29,BSA / AML Compliance Officer,entity_type=LLC;outcome=approved
FT-COM-2025-00374,Conduct Enhanced Due Diligence,2025-12-17 05:15:21,BSA / AML Compliance Officer,entity_type=Corp;outcome=approved
FT-COM-2025-00375,Conduct Enhanced Due Diligence,2025-12-17 09:00:08,BSA / AML Compliance Officer,entity_type=LP;outcome=approved
FT-COM-2025-00376,Conduct Enhanced Due Diligence,2025-12-16 12:01:41,BSA / AML Compliance Officer,entity_type=Corp;outcome=approved
FT-COM-2025-00377,Conduct Enhanced Due Diligence,2025-12-16 07:14:08,BSA / AML Compliance Officer,entity_type=Corp;outcome=declined;decline_reason=industry_blocked
FT-COM-2025-00378,Conduct Enhanced Due Diligence,2025-12-22 04:40:10,BSA / AML Compliance Officer,entity_type=LLC;outcome=approved
FT-COM-2025-00379,Conduct Enhanced Due Diligence,2025-12-21 18:52:47,BSA / AML Compliance Officer,entity_type=LLC;outcome=declined;decline_reason=industry_blocked
FT-COM-2025-00380,Conduct Enhanced Due Diligence,2025-12-20 11:35:06,BSA / AML Compliance Officer,entity_type=LLC;outcome=approved
FT-COM-2025-00381,Conduct Enhanced Due Diligence,2025-12-20 06:16:06,BSA / AML Compliance Officer,entity_type=LP;outcome=approved
FT-COM-2025-00382,Conduct Enhanced Due Diligence,2025-12-21 23:43:14,BSA / AML Compliance Officer,entity_type=Corp;outcome=approved
FT-COM-2025-00383,Conduct Enhanced Due Diligence,2025-12-21 17:35:40,BSA / AML Compliance Officer,entity_type=LLC;outcome=declined;decline_reason=industry_blocked
FT-COM-2025-00384,Conduct Enhanced Due Diligence,2025-12-22 00:21:32,BSA / AML Compliance Officer,entity_type=Partnership;outcome=approved
FT-COM-2025-00385,Conduct Enhanced Due Diligence,2025-12-22 21:09:17,BSA / AML Compliance Officer,entity_type=LLC;outcome=abandoned
FT-COM-2025-00386,Conduct Enhanced Due Diligence,2025-12-24 01:53:50,BSA / AML Compliance Officer,entity_type=Corp;outcome=declined;decline_reason=industry_blocked
FT-COM-2025-00387,Conduct Enhanced Due Diligence,2025-12-24 05:16:50,BSA / AML Compliance Officer,entity_type=Corp;outcome=approved
FT-COM-2025-00388,Conduct Enhanced Due Diligence,2025-12-25 02:39:00,BSA / AML Compliance Officer,entity_type=Partnership;outcome=approved
FT-COM-2025-00389,Conduct Enhanced Due Diligence,2025-12-25 19:01:31,BSA / AML Compliance Officer,entity_type=Partnership;outcome=approved
FT-COM-2025-00390,Conduct Enhanced Due Diligence,2025-12-26 12:27:22,BSA / AML Compliance Officer,entity_type=LP;outcome=approved
FT-COM-2025-00391,Conduct Enhanced Due Diligence,2025-12-25 12:19:27,BSA / AML Compliance Officer,entity_type=Corp;outcome=approved
FT-COM-2025-00392,Conduct Enhanced Due Diligence,2025-12-27 04:48:53,BSA / AML Compliance Officer,entity_type=Corp;outcome=declined;decline_reason=credit_risk
FT-COM-2025-00393,Conduct Enhanced Due Diligence,2025-12-27 18:44:37,BSA / AML Compliance Officer,entity_type=Corp;risk_flag=pep_hit;outcome=approved
FT-COM-2025-00393,Conduct Enhanced Due Diligence,2026-01-02 18:44:37,BSA / AML Compliance Officer,escalation=compliance_committee_review
FT-COM-2025-00394,Conduct Enhanced Due Diligence,2025-12-27 11:12:41,BSA / AML Compliance Officer,entity_type=Corp;risk_flag=pep_hit;outcome=approved
FT-COM-2025-00394,Conduct Enhanced Due Diligence,2025-12-31 11:12:41,BSA / AML Compliance Officer,escalation=compliance_committee_review
FT-COM-2025-00395,Conduct Enhanced Due Diligence,2025-12-31 11:50:00,BSA / AML Compliance Officer,entity_type=LLC;outcome=approved
FT-COM-2025-00396,Conduct Enhanced Due Diligence,2025-12-31 04:28:13,BSA / AML Compliance Officer,entity_type=Corp;outcome=abandoned
FT-COM-2025-00397,Conduct Enhanced Due Diligence,2025-12-31 09:04:56,BSA / AML Compliance Officer,entity_type=Corp;outcome=approved
FT-COM-2025-00398,Conduct Enhanced Due Diligence,2025-12-31 21:17:53,BSA / AML Compliance Officer,entity_type=LLC;outcome=declined;decline_reason=edd_failed
FT-COM-2025-00399,Conduct Enhanced Due Diligence,2026-01-03 13:01:01,BSA / AML Compliance Officer,entity_type=Corp;outcome=approved
FT-COM-2025-00400,Conduct Enhanced Due Diligence,2025-12-31 10:56:56,BSA / AML Compliance Officer,entity_type=LP;outcome=approved
FT-COM-2025-00401,Conduct Enhanced Due Diligence,2026-01-01 02:39:30,BSA / AML Compliance Officer,entity_type=Partnership;outcome=approved
FT-COM-2025-00402,Conduct Enhanced Due Diligence,2026-01-01 03:31:48,BSA / AML Compliance Officer,entity_type=Corp;outcome=approved
FT-COM-2025-00403,Conduct Enhanced Due Diligence,2026-01-02 21:51:35,BSA / AML Compliance Officer,entity_type=LP;outcome=approved
FT-COM-2025-00404,Conduct Enhanced Due Diligence,2026-01-06 10:41:16,BSA / AML Compliance Officer,entity_type=Corp;outcome=approved
FT-COM-2025-00405,Conduct Enhanced Due Diligence,2026-01-02 15:12:04,BSA / AML Compliance Officer,entity_type=LLC;outcome=approved
FT-COM-2025-00406,Conduct Enhanced Due Diligence,2026-01-03 17:42:04,BSA / AML Compliance Officer,entity_type=Partnership;outcome=approved
FT-COM-2025-00407,Conduct Enhanced Due Diligence,2026-01-05 16:47:30,BSA / AML Compliance Officer,entity_type=Partnership;outcome=approved
FT-COM-2025-00409,Conduct Enhanced Due Diligence,2026-01-07 18:37:20,BSA / AML Compliance Officer,entity_type=LP;outcome=approved
FT-COM-2025-00410,Conduct Enhanced Due Diligence,2026-01-07 03:27:12,BSA / AML Compliance Officer,entity_type=LLC;outcome=declined;decline_reason=industry_blocked
FT-COM-2025-00411,Conduct Enhanced Due Diligence,2026-01-07 01:51:29,BSA / AML Compliance Officer,entity_type=Partnership;outcome=approved
FT-COM-2025-00412,Conduct Enhanced Due Diligence,2026-01-11 05:31:31,BSA / AML Compliance Officer,entity_type=LLC;outcome=approved
FT-COM-2025-00413,Conduct Enhanced Due Diligence,2026-01-13 16:21:55,BSA / AML Compliance Officer,entity_type=Corp;outcome=approved
FT-COM-2025-00414,Conduct Enhanced Due Diligence,2026-01-09 22:30:36,BSA / AML Compliance Officer,entity_type=Corp;risk_flag=pep_hit;outcome=approved
FT-COM-2025-00414,Conduct Enhanced Due Diligence,2026-01-17 22:30:36,BSA / AML Compliance Officer,escalation=compliance_committee_review
FT-COM-2025-00415,Conduct Enhanced Due Diligence,2026-01-10 22:59:51,BSA / AML Compliance Officer,entity_type=LP;outcome=approved
FT-COM-2025-00416,Conduct Enhanced Due Diligence,2026-01-11 04:36:41,BSA / AML Compliance Officer,entity_type=LLC;outcome=declined;decline_reason=credit_risk
FT-COM-2025-00417,Conduct Enhanced Due Diligence,2026-01-11 03:57:44,BSA / AML Compliance Officer,entity_type=Corp;outcome=approved
FT-COM-2025-00418,Conduct Enhanced Due Diligence,2026-01-14 12:31:31,BSA / AML Compliance Officer,entity_type=Corp;outcome=approved
FT-COM-2025-00419,Conduct Enhanced Due Diligence,2026-01-16 03:38:57,BSA / AML Compliance Officer,entity_type=LLC;outcome=approved
FT-COM-2025-00420,Conduct Enhanced Due Diligence,2026-01-12 01:54:15,BSA / AML Compliance Officer,entity_type=Corp;outcome=approved
FT-COM-2025-00421,Conduct Enhanced Due Diligence,2026-01-12 02:41:01,BSA / AML Compliance Officer,entity_type=LLC;outcome=approved
FT-COM-2025-00422,Conduct Enhanced Due Diligence,2026-01-13 12:04:13,BSA / AML Compliance Officer,entity_type=Corp;outcome=abandoned
FT-COM-2025-00423,Conduct Enhanced Due Diligence,2026-01-18 05:16:54,BSA / AML Compliance Officer,entity_type=Corp;outcome=approved
FT-COM-2025-00424,Conduct Enhanced Due Diligence,2026-01-15 10:24:34,BSA / AML Compliance Officer,entity_type=LLC;outcome=approved
FT-COM-2025-00425,Conduct Enhanced Due Diligence,2026-01-15 04:44:11,BSA / AML Compliance Officer,entity_type=Partnership;outcome=approved
FT-COM-2025-00426,Conduct Enhanced Due Diligence,2026-01-17 02:04:56,BSA / AML Compliance Officer,entity_type=LLC;outcome=approved
FT-COM-2025-00427,Conduct Enhanced Due Diligence,2026-01-18 03:19:39,BSA / AML Compliance Officer,entity_type=Corp;outcome=approved
FT-COM-2025-00428,Conduct Enhanced Due Diligence,2026-01-18 00:13:31,BSA / AML Compliance Officer,entity_type=Corp;risk_flag=pep_hit;outcome=approved
FT-COM-2025-00428,Conduct Enhanced Due Diligence,2026-01-25 00:13:31,BSA / AML Compliance Officer,escalation=compliance_committee_review
FT-COM-2025-00429,Conduct Enhanced Due Diligence,2026-01-20 23:23:31,BSA / AML Compliance Officer,entity_type=LLC;outcome=approved
FT-COM-2025-00430,Conduct Enhanced Due Diligence,2026-01-18 15:38:42,BSA / AML Compliance Officer,entity_type=LP;outcome=approved
FT-COM-2025-00431,Conduct Enhanced Due Diligence,2026-01-18 10:13:22,BSA / AML Compliance Officer,entity_type=Corp;outcome=approved
FT-COM-2025-00432,Conduct Enhanced Due Diligence,2026-01-20 22:04:09,BSA / AML Compliance Officer,entity_type=LP;outcome=approved
FT-COM-2025-00433,Conduct Enhanced Due Diligence,2026-01-20 14:18:23,BSA / AML Compliance Officer,entity_type=LLC;outcome=approved
FT-COM-2025-00434,Conduct Enhanced Due Diligence,2026-01-21 11:05:28,BSA / AML Compliance Officer,entity_type=Corp;outcome=approved
FT-COM-2025-00435,Conduct Enhanced Due Diligence,2026-01-21 20:48:35,BSA / AML Compliance Officer,entity_type=Corp;outcome=approved
FT-COM-2025-00436,Conduct Enhanced Due Diligence,2026-01-22 02:35:00,BSA / AML Compliance Officer,entity_type=LLC;outcome=approved
FT-COM-2025-00437,Conduct Enhanced Due Diligence,2026-01-24 11:09:49,BSA / AML Compliance Officer,entity_type=Corp;outcome=declined;decline_reason=edd_failed
FT-COM-2025-00438,Conduct Enhanced Due Diligence,2026-01-24 11:58:29,BSA / AML Compliance Officer,entity_type=LLC;outcome=approved
FT-COM-2025-00439,Conduct Enhanced Due Diligence,2026-01-24 02:16:06,BSA / AML Compliance Officer,entity_type=Corp;risk_flag=pep_hit;outcome=approved
FT-COM-2025-00439,Conduct Enhanced Due Diligence,2026-01-27 02:16:06,BSA / AML Compliance Officer,escalation=compliance_committee_review
FT-COM-2025-00440,Conduct Enhanced Due Diligence,2026-01-24 20:10:18,BSA / AML Compliance Officer,entity_type=LLC;outcome=declined;decline_reason=credit_risk
FT-COM-2025-00441,Conduct Enhanced Due Diligence,2026-01-27 12:11:30,BSA / AML Compliance Officer,entity_type=Corp;outcome=approved
FT-COM-2025-00442,Conduct Enhanced Due Diligence,2026-01-26 16:45:24,BSA / AML Compliance Officer,entity_type=Corp;outcome=approved
FT-COM-2025-00443,Conduct Enhanced Due Diligence,2026-01-27 21:28:51,BSA / AML Compliance Officer,entity_type=LLC;outcome=approved
FT-COM-2025-00444,Conduct Enhanced Due Diligence,2026-01-29 02:59:19,BSA / AML Compliance Officer,entity_type=Corp;outcome=approved
FT-COM-2025-00445,Conduct Enhanced Due Diligence,2026-01-30 17:55:34,BSA / AML Compliance Officer,entity_type=LLC;outcome=approved
FT-COM-2025-00446,Conduct Enhanced Due Diligence,2026-02-01 17:50:04,BSA / AML Compliance Officer,entity_type=LLC;outcome=approved
FT-COM-2025-00447,Conduct Enhanced Due Diligence,2026-01-29 07:02:46,BSA / AML Compliance Officer,entity_type=LLC;risk_flag=pep_hit;outcome=approved
FT-COM-2025-00447,Conduct Enhanced Due Diligence,2026-02-06 07:02:46,BSA / AML Compliance Officer,escalation=compliance_committee_review
FT-COM-2025-00448,Conduct Enhanced Due Diligence,2026-01-28 00:49:47,BSA / AML Compliance Officer,entity_type=Corp;outcome=approved
FT-COM-2025-00449,Conduct Enhanced Due Diligence,2026-01-29 20:02:22,BSA / AML Compliance Officer,entity_type=Partnership;outcome=approved
FT-COM-2025-00450,Conduct Enhanced Due Diligence,2026-01-31 17:29:16,BSA / AML Compliance Officer,entity_type=LLC;risk_flag=pep_hit;outcome=approved
FT-COM-2025-00450,Conduct Enhanced Due Diligence,2026-02-08 17:29:16,BSA / AML Compliance Officer,escalation=compliance_committee_review
FT-COM-2025-00451,Conduct Enhanced Due Diligence,2026-02-04 15:09:51,BSA / AML Compliance Officer,entity_type=LLC;outcome=approved
FT-COM-2025-00452,Conduct Enhanced Due Diligence,2026-02-03 02:08:42,BSA / AML Compliance Officer,entity_type=LP;outcome=approved
FT-COM-2025-00453,Conduct Enhanced Due Diligence,2026-02-03 10:56:23,BSA / AML Compliance Officer,entity_type=Corp;outcome=approved
FT-COM-2025-00454,Conduct Enhanced Due Diligence,2026-02-04 10:26:04,BSA / AML Compliance Officer,entity_type=LLC;risk_flag=pep_hit;outcome=approved
FT-COM-2025-00454,Conduct Enhanced Due Diligence,2026-02-08 10:26:04,BSA / AML Compliance Officer,escalation=compliance_committee_review
FT-COM-2025-00455,Conduct Enhanced Due Diligence,2026-02-01 23:16:01,BSA / AML Compliance Officer,entity_type=LLC;outcome=approved
FT-COM-2025-00456,Conduct Enhanced Due Diligence,2026-02-02 21:30:18,BSA / AML Compliance Officer,entity_type=Partnership;outcome=approved
FT-COM-2025-00457,Conduct Enhanced Due Diligence,2026-02-04 20:53:34,BSA / AML Compliance Officer,entity_type=Partnership;outcome=approved
FT-COM-2025-00458,Conduct Enhanced Due Diligence,2026-02-08 07:41:48,BSA / AML Compliance Officer,entity_type=LLC;outcome=approved
FT-COM-2025-00459,Conduct Enhanced Due Diligence,2026-02-05 10:01:05,BSA / AML Compliance Officer,entity_type=LP;outcome=approved
FT-COM-2025-00461,Conduct Enhanced Due Diligence,2026-02-05 21:44:37,BSA / AML Compliance Officer,entity_type=Corp;outcome=approved
FT-COM-2025-00462,Conduct Enhanced Due Diligence,2026-02-06 03:10:31,BSA / AML Compliance Officer,entity_type=Partnership;outcome=approved
FT-COM-2025-00463,Conduct Enhanced Due Diligence,2026-02-09 08:45:19,BSA / AML Compliance Officer,entity_type=LLC;outcome=approved
FT-COM-2025-00464,Conduct Enhanced Due Diligence,2026-02-08 04:30:49,BSA / AML Compliance Officer,entity_type=LP;outcome=approved
FT-COM-2025-00465,Conduct Enhanced Due Diligence,2026-02-09 02:59:23,BSA / AML Compliance Officer,entity_type=LLC;outcome=declined;decline_reason=credit_risk
FT-COM-2025-00466,Conduct Enhanced Due Diligence,2026-02-11 04:49:34,BSA / AML Compliance Officer,entity_type=Corp;outcome=approved
FT-COM-2025-00467,Conduct Enhanced Due Diligence,2026-02-10 03:20:28,BSA / AML Compliance Officer,entity_type=LLC;outcome=approved
FT-COM-2025-00468,Conduct Enhanced Due Diligence,2026-02-10 07:49:54,BSA / AML Compliance Officer,entity_type=Corp;outcome=approved
FT-COM-2025-00469,Conduct Enhanced Due Diligence,2026-02-09 07:20:00,BSA / AML Compliance Officer,entity_type=LLC;outcome=declined;decline_reason=credit_risk
FT-COM-2025-00470,Conduct Enhanced Due Diligence,2026-02-14 06:03:35,BSA / AML Compliance Officer,entity_type=LP;outcome=approved
FT-COM-2025-00471,Conduct Enhanced Due Diligence,2026-02-12 15:19:34,BSA / AML Compliance Officer,entity_type=Partnership;outcome=approved
FT-COM-2025-00472,Conduct Enhanced Due Diligence,2026-02-13 18:04:52,BSA / AML Compliance Officer,entity_type=LP;outcome=approved
FT-COM-2025-00473,Conduct Enhanced Due Diligence,2026-02-15 19:52:39,BSA / AML Compliance Officer,entity_type=LLC;outcome=approved
FT-COM-2025-00474,Conduct Enhanced Due Diligence,2026-02-16 00:18:01,BSA / AML Compliance Officer,entity_type=Partnership;outcome=approved
FT-COM-2025-00475,Conduct Enhanced Due Diligence,2026-02-15 10:59:17,BSA / AML Compliance Officer,entity_type=Corp;outcome=approved
FT-COM-2025-00476,Conduct Enhanced Due Diligence,2026-02-16 07:44:31,BSA / AML Compliance Officer,entity_type=LLC;risk_flag=pep_hit;outcome=approved
FT-COM-2025-00476,Conduct Enhanced Due Diligence,2026-02-22 07:44:31,BSA / AML Compliance Officer,escalation=compliance_committee_review
FT-COM-2025-00477,Conduct Enhanced Due Diligence,2026-02-15 21:38:33,BSA / AML Compliance Officer,entity_type=Corp;outcome=approved
FT-COM-2025-00479,Conduct Enhanced Due Diligence,2026-02-19 00:14:47,BSA / AML Compliance Officer,entity_type=LP;outcome=approved
FT-COM-2025-00480,Conduct Enhanced Due Diligence,2026-02-20 07:36:44,BSA / AML Compliance Officer,entity_type=Partnership;outcome=approved
FT-COM-2025-00481,Conduct Enhanced Due Diligence,2026-02-19 14:21:48,BSA / AML Compliance Officer,entity_type=Partnership;outcome=approved
FT-COM-2025-00482,Conduct Enhanced Due Diligence,2026-02-19 08:01:19,BSA / AML Compliance Officer,entity_type=LLC;outcome=approved
FT-COM-2025-00483,Conduct Enhanced Due Diligence,2026-02-22 08:03:57,BSA / AML Compliance Officer,entity_type=LLC;outcome=approved
FT-COM-2025-00484,Conduct Enhanced Due Diligence,2026-02-19 11:36:43,BSA / AML Compliance Officer,entity_type=Corp;outcome=approved
FT-COM-2025-00485,Conduct Enhanced Due Diligence,2026-02-22 19:50:28,BSA / AML Compliance Officer,entity_type=Partnership;outcome=approved
FT-COM-2025-00486,Conduct Enhanced Due Diligence,2026-02-22 22:04:41,BSA / AML Compliance Officer,entity_type=LLC;risk_flag=pep_hit;outcome=approved
FT-COM-2025-00486,Conduct Enhanced Due Diligence,2026-02-25 22:04:41,BSA / AML Compliance Officer,escalation=compliance_committee_review
FT-COM-2025-00487,Conduct Enhanced Due Diligence,2026-02-22 23:23:12,BSA / AML Compliance Officer,entity_type=LP;outcome=approved
FT-COM-2025-00488,Conduct Enhanced Due Diligence,2026-02-23 23:01:14,BSA / AML Compliance Officer,entity_type=LLC;outcome=approved
FT-COM-2025-00489,Conduct Enhanced Due Diligence,2026-02-22 07:21:52,BSA / AML Compliance Officer,entity_type=LLC;outcome=approved
FT-COM-2025-00490,Conduct Enhanced Due Diligence,2026-02-26 11:10:10,BSA / AML Compliance Officer,entity_type=LP;outcome=approved
FT-COM-2025-00491,Conduct Enhanced Due Diligence,2026-02-23 05:47:08,BSA / AML Compliance Officer,entity_type=LLC;outcome=approved
FT-COM-2025-00492,Conduct Enhanced Due Diligence,2026-02-24 16:39:07,BSA / AML Compliance Officer,entity_type=Corp;outcome=approved
FT-COM-2025-00493,Conduct Enhanced Due Diligence,2026-02-26 04:08:37,BSA / AML Compliance Officer,entity_type=Corp;outcome=approved
FT-COM-2025-00494,Conduct Enhanced Due Diligence,2026-02-27 19:39:52,BSA / AML Compliance Officer,entity_type=Corp;outcome=approved
FT-COM-2025-00495,Conduct Enhanced Due Diligence,2026-02-27 10:07:10,BSA / AML Compliance Officer,entity_type=Partnership;outcome=approved
FT-COM-2025-00496,Conduct Enhanced Due Diligence,2026-03-01 13:20:42,BSA / AML Compliance Officer,entity_type=LP;outcome=approved
FT-COM-2025-00497,Conduct Enhanced Due Diligence,2026-03-01 04:56:47,BSA / AML Compliance Officer,entity_type=Corp;outcome=approved
FT-COM-2025-00498,Conduct Enhanced Due Diligence,2026-03-02 02:59:02,BSA / AML Compliance Officer,entity_type=LLC;outcome=approved
FT-COM-2025-00499,Conduct Enhanced Due Diligence,2026-03-02 16:27:09,BSA / AML Compliance Officer,entity_type=LLC;outcome=approved
FT-COM-2025-00500,Conduct Enhanced Due Diligence,2026-03-01 00:55:01,BSA / AML Compliance Officer,entity_type=LP;outcome=approved
FT-COM-2025-00501,Conduct Enhanced Due Diligence,2026-03-03 07:41:29,BSA / AML Compliance Officer,entity_type=Partnership;outcome=approved
FT-COM-2025-00502,Conduct Enhanced Due Diligence,2026-03-03 10:08:32,BSA / AML Compliance Officer,entity_type=LP;outcome=approved
FT-COM-2025-00503,Conduct Enhanced Due Diligence,2026-03-06 19:31:20,BSA / AML Compliance Officer,entity_type=LP;outcome=approved
FT-COM-2025-00504,Conduct Enhanced Due Diligence,2026-03-06 22:41:06,BSA / AML Compliance Officer,entity_type=LLC;outcome=approved
FT-COM-2025-00505,Conduct Enhanced Due Diligence,2026-03-06 03:51:53,BSA / AML Compliance Officer,entity_type=LP;outcome=approved
FT-COM-2025-00506,Conduct Enhanced Due Diligence,2026-03-04 18:06:38,BSA / AML Compliance Officer,entity_type=Corp;outcome=declined;decline_reason=credit_risk
FT-COM-2025-00507,Conduct Enhanced Due Diligence,2026-03-07 20:37:02,BSA / AML Compliance Officer,entity_type=LP;outcome=approved
FT-COM-2025-00509,Conduct Enhanced Due Diligence,2026-03-06 08:30:24,BSA / AML Compliance Officer,entity_type=Corp;risk_flag=pep_hit;outcome=approved
FT-COM-2025-00509,Conduct Enhanced Due Diligence,2026-03-10 08:30:24,BSA / AML Compliance Officer,escalation=compliance_committee_review
FT-COM-2025-00510,Conduct Enhanced Due Diligence,2026-03-08 17:26:14,BSA / AML Compliance Officer,entity_type=Partnership;outcome=approved
FT-COM-2025-00511,Conduct Enhanced Due Diligence,2026-03-09 20:44:13,BSA / AML Compliance Officer,entity_type=Corp;outcome=declined;decline_reason=edd_failed
FT-COM-2025-00512,Conduct Enhanced Due Diligence,2026-03-08 20:44:13,BSA / AML Compliance Officer,entity_type=LP;outcome=approved
FT-COM-2025-00513,Conduct Enhanced Due Diligence,2026-03-11 06:53:52,BSA / AML Compliance Officer,entity_type=Corp;outcome=declined;decline_reason=industry_blocked
FT-COM-2025-00514,Conduct Enhanced Due Diligence,2026-03-11 10:10:37,BSA / AML Compliance Officer,entity_type=Corp;outcome=declined;decline_reason=credit_risk
FT-COM-2025-00515,Conduct Enhanced Due Diligence,2026-03-11 12:13:45,BSA / AML Compliance Officer,entity_type=Corp;outcome=approved
FT-COM-2025-00516,Conduct Enhanced Due Diligence,2026-03-14 16:24:10,BSA / AML Compliance Officer,entity_type=Corp;outcome=approved
FT-COM-2025-00517,Conduct Enhanced Due Diligence,2026-03-11 17:29:59,BSA / AML Compliance Officer,entity_type=Partnership;outcome=approved
FT-COM-2025-00518,Conduct Enhanced Due Diligence,2026-03-14 11:43:12,BSA / AML Compliance Officer,entity_type=LLC;outcome=declined;decline_reason=edd_failed
FT-COM-2025-00519,Conduct Enhanced Due Diligence,2026-03-15 15:44:17,BSA / AML Compliance Officer,entity_type=LLC;outcome=declined;decline_reason=edd_failed
FT-COM-2025-00520,Conduct Enhanced Due Diligence,2026-03-16 22:36:07,BSA / AML Compliance Officer,entity_type=Corp;outcome=approved
FT-COM-2025-00521,Conduct Enhanced Due Diligence,2026-03-15 13:51:53,BSA / AML Compliance Officer,entity_type=LLC;risk_flag=pep_hit;outcome=approved
FT-COM-2025-00521,Conduct Enhanced Due Diligence,2026-03-18 13:51:53,BSA / AML Compliance Officer,escalation=compliance_committee_review
FT-COM-2025-00522,Conduct Enhanced Due Diligence,2026-03-17 09:36:39,BSA / AML Compliance Officer,entity_type=Corp;outcome=approved
FT-COM-2025-00523,Conduct Enhanced Due Diligence,2026-03-18 00:28:09,BSA / AML Compliance Officer,entity_type=LLC;outcome=declined;decline_reason=credit_risk
FT-COM-2025-00524,Conduct Enhanced Due Diligence,2026-03-16 14:16:53,BSA / AML Compliance Officer,entity_type=LLC;outcome=approved
FT-COM-2025-00525,Conduct Enhanced Due Diligence,2026-03-17 16:03:43,BSA / AML Compliance Officer,entity_type=Partnership;outcome=approved
FT-COM-2025-00526,Conduct Enhanced Due Diligence,2026-03-19 06:20:28,BSA / AML Compliance Officer,entity_type=LLC;risk_flag=pep_hit;outcome=approved
FT-COM-2025-00526,Conduct Enhanced Due Diligence,2026-03-22 06:20:28,BSA / AML Compliance Officer,escalation=compliance_committee_review
FT-COM-2025-00527,Conduct Enhanced Due Diligence,2026-03-19 10:53:14,BSA / AML Compliance Officer,entity_type=Partnership;outcome=approved
FT-COM-2025-00528,Conduct Enhanced Due Diligence,2026-03-19 22:37:09,BSA / AML Compliance Officer,entity_type=LP;outcome=approved
FT-COM-2025-00529,Conduct Enhanced Due Diligence,2026-03-21 10:15:20,BSA / AML Compliance Officer,entity_type=Corp;outcome=approved
FT-COM-2025-00530,Conduct Enhanced Due Diligence,2026-03-21 03:05:08,BSA / AML Compliance Officer,entity_type=LP;outcome=approved
FT-COM-2025-00531,Conduct Enhanced Due Diligence,2026-03-20 15:39:01,BSA / AML Compliance Officer,entity_type=Partnership;outcome=approved
FT-COM-2025-00532,Conduct Enhanced Due Diligence,2026-03-23 12:41:20,BSA / AML Compliance Officer,entity_type=LP;outcome=approved
FT-COM-2025-00533,Conduct Enhanced Due Diligence,2026-03-26 04:29:13,BSA / AML Compliance Officer,entity_type=LLC;outcome=approved
FT-COM-2025-00534,Conduct Enhanced Due Diligence,2026-03-23 17:02:04,BSA / AML Compliance Officer,entity_type=LLC;outcome=approved
FT-COM-2025-00535,Conduct Enhanced Due Diligence,2026-03-24 21:12:42,BSA / AML Compliance Officer,entity_type=Partnership;outcome=approved
FT-COM-2025-00536,Conduct Enhanced Due Diligence,2026-03-24 03:54:39,BSA / AML Compliance Officer,entity_type=Corp;outcome=approved
FT-COM-2025-00537,Conduct Enhanced Due Diligence,2026-03-25 04:05:24,BSA / AML Compliance Officer,entity_type=LP;outcome=approved
FT-COM-2025-00538,Conduct Enhanced Due Diligence,2026-03-29 06:00:48,BSA / AML Compliance Officer,entity_type=Corp;outcome=approved
FT-COM-2025-00539,Conduct Enhanced Due Diligence,2026-03-27 17:53:03,BSA / AML Compliance Officer,entity_type=Corp;outcome=approved
FT-COM-2025-00540,Conduct Enhanced Due Diligence,2026-03-27 13:29:52,BSA / AML Compliance Officer,entity_type=Partnership;outcome=approved
FT-COM-2025-00541,Conduct Enhanced Due Diligence,2026-03-27 04:49:40,BSA / AML Compliance Officer,entity_type=LLC;outcome=approved
FT-COM-2025-00542,Conduct Enhanced Due Diligence,2026-03-28 16:16:48,BSA / AML Compliance Officer,entity_type=LP;outcome=approved
FT-COM-2025-00543,Conduct Enhanced Due Diligence,2026-03-28 20:56:18,BSA / AML Compliance Officer,entity_type=LLC;outcome=approved
FT-COM-2025-00544,Conduct Enhanced Due Diligence,2026-03-29 08:34:15,BSA / AML Compliance Officer,entity_type=LLC;outcome=approved
FT-COM-2025-00545,Conduct Enhanced Due Diligence,2026-03-29 08:56:35,BSA / AML Compliance Officer,entity_type=Corp;risk_flag=pep_hit;outcome=approved
FT-COM-2025-00545,Conduct Enhanced Due Diligence,2026-04-03 08:56:35,BSA / AML Compliance Officer,escalation=compliance_committee_review
FT-COM-2025-00546,Conduct Enhanced Due Diligence,2026-04-01 11:10:31,BSA / AML Compliance Officer,entity_type=LLC;outcome=approved
FT-COM-2025-00547,Conduct Enhanced Due Diligence,2026-03-30 19:08:22,BSA / AML Compliance Officer,entity_type=LP;outcome=approved
FT-COM-2025-00548,Conduct Enhanced Due Diligence,2026-04-04 04:26:04,BSA / AML Compliance Officer,entity_type=Corp;outcome=approved
FT-COM-2025-00549,Conduct Enhanced Due Diligence,2026-04-02 14:21:51,BSA / AML Compliance Officer,entity_type=LLC;outcome=approved
FT-COM-2025-00550,Conduct Enhanced Due Diligence,2026-04-02 23:56:29,BSA / AML Compliance Officer,entity_type=LP;outcome=approved
FT-COM-2025-00551,Conduct Enhanced Due Diligence,2026-04-02 20:44:07,BSA / AML Compliance Officer,entity_type=LLC;outcome=approved
FT-COM-2025-00552,Conduct Enhanced Due Diligence,2026-04-05 11:17:13,BSA / AML Compliance Officer,entity_type=Corp;outcome=approved
FT-COM-2025-00553,Conduct Enhanced Due Diligence,2026-04-03 04:27:41,BSA / AML Compliance Officer,entity_type=LLC;outcome=approved
FT-COM-2025-00554,Conduct Enhanced Due Diligence,2026-04-06 06:43:44,BSA / AML Compliance Officer,entity_type=LLC;outcome=approved
FT-COM-2025-00555,Conduct Enhanced Due Diligence,2026-04-05 09:32:52,BSA / AML Compliance Officer,entity_type=Corp;outcome=approved
FT-COM-2025-00556,Conduct Enhanced Due Diligence,2026-04-06 20:43:25,BSA / AML Compliance Officer,entity_type=LP;outcome=approved
FT-COM-2025-00557,Conduct Enhanced Due Diligence,2026-04-08 02:23:22,BSA / AML Compliance Officer,entity_type=LLC;outcome=approved
FT-COM-2025-00558,Conduct Enhanced Due Diligence,2026-04-09 00:51:28,BSA / AML Compliance Officer,entity_type=LP;outcome=approved
FT-COM-2025-00559,Conduct Enhanced Due Diligence,2026-04-08 21:02:23,BSA / AML Compliance Officer,entity_type=Corp;outcome=declined;decline_reason=industry_blocked
FT-COM-2025-00560,Conduct Enhanced Due Diligence,2026-04-05 11:17:06,BSA / AML Compliance Officer,entity_type=Partnership;outcome=approved
FT-COM-2025-00561,Conduct Enhanced Due Diligence,2026-04-13 14:46:22,BSA / AML Compliance Officer,entity_type=LLC;outcome=approved
FT-COM-2025-00562,Conduct Enhanced Due Diligence,2026-04-11 03:07:12,BSA / AML Compliance Officer,entity_type=Partnership;outcome=approved
FT-COM-2025-00563,Conduct Enhanced Due Diligence,2026-04-10 22:36:29,BSA / AML Compliance Officer,entity_type=Partnership;outcome=approved
FT-COM-2025-00564,Conduct Enhanced Due Diligence,2026-04-12 08:16:55,BSA / AML Compliance Officer,entity_type=Corp;outcome=approved
FT-COM-2025-00565,Conduct Enhanced Due Diligence,2026-04-10 22:18:30,BSA / AML Compliance Officer,entity_type=LLC;risk_flag=pep_hit;outcome=approved
FT-COM-2025-00565,Conduct Enhanced Due Diligence,2026-04-18 22:18:30,BSA / AML Compliance Officer,escalation=compliance_committee_review
FT-COM-2025-00566,Conduct Enhanced Due Diligence,2026-04-11 06:25:31,BSA / AML Compliance Officer,entity_type=Corp;outcome=declined;decline_reason=industry_blocked
FT-COM-2025-00567,Conduct Enhanced Due Diligence,2026-04-11 12:34:09,BSA / AML Compliance Officer,entity_type=LLC;outcome=declined;decline_reason=industry_blocked
FT-COM-2025-00568,Conduct Enhanced Due Diligence,2026-04-12 23:04:19,BSA / AML Compliance Officer,entity_type=LLC;outcome=approved
FT-COM-2025-00569,Conduct Enhanced Due Diligence,2026-04-12 15:03:52,BSA / AML Compliance Officer,entity_type=Corp;risk_flag=pep_hit;outcome=approved
FT-COM-2025-00569,Conduct Enhanced Due Diligence,2026-04-20 15:03:52,BSA / AML Compliance Officer,escalation=compliance_committee_review
FT-COM-2025-00570,Conduct Enhanced Due Diligence,2026-04-13 13:59:56,BSA / AML Compliance Officer,entity_type=Partnership;outcome=approved
FT-COM-2025-00571,Conduct Enhanced Due Diligence,2026-04-14 14:16:51,BSA / AML Compliance Officer,entity_type=LP;outcome=approved
FT-COM-2025-00572,Conduct Enhanced Due Diligence,2026-04-15 22:30:08,BSA / AML Compliance Officer,entity_type=Partnership;outcome=approved
FT-COM-2025-00573,Conduct Enhanced Due Diligence,2026-04-17 04:45:47,BSA / AML Compliance Officer,entity_type=LLC;outcome=approved
FT-COM-2025-00574,Conduct Enhanced Due Diligence,2026-04-17 09:54:38,BSA / AML Compliance Officer,entity_type=Corp;outcome=approved
FT-COM-2025-00575,Conduct Enhanced Due Diligence,2026-04-17 20:30:26,BSA / AML Compliance Officer,entity_type=LLC;outcome=approved
FT-COM-2025-00576,Conduct Enhanced Due Diligence,2026-04-19 05:07:20,BSA / AML Compliance Officer,entity_type=LP;outcome=approved
FT-COM-2025-00577,Conduct Enhanced Due Diligence,2026-04-17 22:20:08,BSA / AML Compliance Officer,entity_type=Corp;outcome=declined;decline_reason=industry_blocked
FT-COM-2025-00578,Conduct Enhanced Due Diligence,2026-04-22 10:15:28,BSA / AML Compliance Officer,entity_type=Corp;outcome=approved
FT-COM-2025-00579,Conduct Enhanced Due Diligence,2026-04-21 12:05:38,BSA / AML Compliance Officer,entity_type=Corp;outcome=approved
FT-COM-2025-00581,Conduct Enhanced Due Diligence,2026-04-21 08:31:56,BSA / AML Compliance Officer,entity_type=LP;outcome=approved
FT-COM-2025-00582,Conduct Enhanced Due Diligence,2026-04-21 04:51:21,BSA / AML Compliance Officer,entity_type=Corp;outcome=declined;decline_reason=industry_blocked
FT-COM-2025-00583,Conduct Enhanced Due Diligence,2026-04-25 05:17:00,BSA / AML Compliance Officer,entity_type=LLC;outcome=approved
FT-COM-2025-00584,Conduct Enhanced Due Diligence,2026-04-22 07:08:40,BSA / AML Compliance Officer,entity_type=LLC;risk_flag=pep_hit;outcome=approved
FT-COM-2025-00584,Conduct Enhanced Due Diligence,2026-04-25 07:08:40,BSA / AML Compliance Officer,escalation=compliance_committee_review
FT-COM-2025-00585,Conduct Enhanced Due Diligence,2026-04-24 03:04:22,BSA / AML Compliance Officer,entity_type=Corp;outcome=approved
FT-COM-2025-00586,Conduct Enhanced Due Diligence,2026-04-25 01:14:58,BSA / AML Compliance Officer,entity_type=Partnership;outcome=approved
FT-COM-2025-00587,Conduct Enhanced Due Diligence,2026-04-23 08:52:50,BSA / AML Compliance Officer,entity_type=LP;outcome=approved
FT-COM-2025-00588,Conduct Enhanced Due Diligence,2026-04-25 23:57:23,BSA / AML Compliance Officer,entity_type=LLC;risk_flag=pep_hit;outcome=approved
FT-COM-2025-00588,Conduct Enhanced Due Diligence,2026-04-29 23:57:23,BSA / AML Compliance Officer,escalation=compliance_committee_review
FT-COM-2025-00589,Conduct Enhanced Due Diligence,2026-04-26 18:58:52,BSA / AML Compliance Officer,entity_type=LLC;outcome=approved
FT-COM-2025-00590,Conduct Enhanced Due Diligence,2026-04-24 05:59:17,BSA / AML Compliance Officer,entity_type=Partnership;outcome=approved
FT-COM-2025-00591,Conduct Enhanced Due Diligence,2026-04-28 01:35:44,BSA / AML Compliance Officer,entity_type=Corp;outcome=approved
FT-COM-2025-00592,Conduct Enhanced Due Diligence,2026-04-28 06:13:50,BSA / AML Compliance Officer,entity_type=LLC;outcome=approved
FT-COM-2025-00593,Conduct Enhanced Due Diligence,2026-05-01 14:22:08,BSA / AML Compliance Officer,entity_type=LLC;outcome=approved
FT-COM-2025-00594,Conduct Enhanced Due Diligence,2026-04-29 18:42:48,BSA / AML Compliance Officer,entity_type=Partnership;outcome=approved
FT-COM-2025-00595,Conduct Enhanced Due Diligence,2026-04-27 14:01:41,BSA / AML Compliance Officer,entity_type=Corp;outcome=approved
FT-COM-2025-00596,Conduct Enhanced Due Diligence,2026-04-29 12:17:45,BSA / AML Compliance Officer,entity_type=LLC;outcome=abandoned
FT-COM-2025-00597,Conduct Enhanced Due Diligence,2026-04-30 07:12:55,BSA / AML Compliance Officer,entity_type=Partnership;outcome=approved
FT-COM-2025-00598,Conduct Enhanced Due Diligence,2026-05-04 07:29:07,BSA / AML Compliance Officer,entity_type=Corp;outcome=approved
FT-COM-2025-00599,Conduct Enhanced Due Diligence,2026-04-30 14:20:08,BSA / AML Compliance Officer,entity_type=LP;outcome=approved
FT-COM-2025-00600,Conduct Enhanced Due Diligence,2026-04-30 05:36:46,BSA / AML Compliance Officer,entity_type=Partnership;outcome=approved
